[2026-10-01 10:16:15] local.INFO: Storage settings loaded {"user_id":1,"settings":{"aws_access_key_id":"","aws_bucket":"","aws_default_region":"us-east-1","aws_endpoint":"","aws_secret_access_key":"","aws_url":"","storage_file_types":"jpg,png,webp,gif,pdf,doc,docx,txt,csv","storage_max_upload_size":"2048","storage_type":"local","wasabi_access_key":"","wasabi_bucket":"","wasabi_region":"us-east-1","wasabi_root":"","wasabi_secret_key":"","wasabi_url":""}} 
[2026-10-01 10:28:54] local.INFO: Storage settings loaded {"user_id":1,"settings":{"aws_access_key_id":"","aws_bucket":"","aws_default_region":"us-east-1","aws_endpoint":"","aws_secret_access_key":"","aws_url":"","storage_file_types":"jpg,png,webp,gif,pdf,doc,docx,txt,csv","storage_max_upload_size":"2048","storage_type":"local","wasabi_access_key":"","wasabi_bucket":"","wasabi_region":"us-east-1","wasabi_root":"","wasabi_secret_key":"","wasabi_url":""}} 
[2026-10-01 10:31:34] local.ERROR: Unclosed '{' on line 215 {"exception":"[object] (ParseError(code: 0): Unclosed '{' on line 215 at D:\\gitProject\\salescrm\\routes\\web.php:1263)
[stacktrace]
#0 D:\\gitProject\\salescrm\\vendor\\laravel\\framework\\src\\Illuminate\\Routing\\Router.php(513): Illuminate\\Routing\\RouteFileRegistrar->register()
#1 D:\\gitProject\\salescrm\\vendor\\laravel\\framework\\src\\Illuminate\\Routing\\Router.php(467): Illuminate\\Routing\\Router->loadRoutes()
#2 D:\\gitProject\\salescrm\\vendor\\laravel\\framework\\src\\Illuminate\\Routing\\RouteRegistrar.php(212): Illuminate\\Routing\\Router->group()
#3 D:\\gitProject\\salescrm\\vendor\\laravel\\framework\\src\\Illuminate\\Foundation\\Configuration\\ApplicationBuilder.php(248): Illuminate\\Routing\\RouteRegistrar->group()
#4 D:\\gitProject\\salescrm\\vendor\\laravel\\framework\\src\\Illuminate\\Container\\BoundMethod.php(36): Illuminate\\Foundation\\Configuration\\ApplicationBuilder->{closure:Illuminate\\Foundation\\Configuration\\ApplicationBuilder::buildRoutingCallback():205}()
#5 D:\\gitProject\\salescrm\\vendor\\laravel\\framework\\src\\Illuminate\\Container\\Util.php(43): Illuminate\\Container\\BoundMethod::{closure:Illuminate\\Container\\BoundMethod::call():35}()
#6 D:\\gitProject\\salescrm\\vendor\\laravel\\framework\\src\\Illuminate\\Container\\BoundMethod.php(84): Illuminate\\Container\\Util::unwrapIfClosure()
#7 D:\\gitProject\\salescrm\\vendor\\laravel\\framework\\src\\Illuminate\\Container\\BoundMethod.php(35): Illuminate\\Container\\BoundMethod::callBoundMethod()
#8 D:\\gitProject\\salescrm\\vendor\\laravel\\framework\\src\\Illuminate\\Container\\Container.php(799): Illuminate\\Container\\BoundMethod::call()
#9 D:\\gitProject\\salescrm\\vendor\\laravel\\framework\\src\\Illuminate\\Foundation\\Support\\Providers\\RouteServiceProvider.php(162): Illuminate\\Container\\Container->call()
#10 D:\\gitProject\\salescrm\\vendor\\laravel\\framework\\src\\Illuminate\\Foundation\\Support\\Providers\\RouteServiceProvider.php(59): Illuminate\\Foundation\\Support\\Providers\\RouteServiceProvider->loadRoutes()
#11 D:\\gitProject\\salescrm\\vendor\\laravel\\framework\\src\\Illuminate\\Container\\BoundMethod.php(36): Illuminate\\Foundation\\Support\\Providers\\RouteServiceProvider->{closure:Illuminate\\Foundation\\Support\\Providers\\RouteServiceProvider::register():53}()
#12 D:\\gitProject\\salescrm\\vendor\\laravel\\framework\\src\\Illuminate\\Container\\Util.php(43): Illuminate\\Container\\BoundMethod::{closure:Illuminate\\Container\\BoundMethod::call():35}()
#13 D:\\gitProject\\salescrm\\vendor\\laravel\\framework\\src\\Illuminate\\Container\\BoundMethod.php(84): Illuminate\\Container\\Util::unwrapIfClosure()
#14 D:\\gitProject\\salescrm\\vendor\\laravel\\framework\\src\\Illuminate\\Container\\BoundMethod.php(35): Illuminate\\Container\\BoundMethod::callBoundMethod()
#15 D:\\gitProject\\salescrm\\vendor\\laravel\\framework\\src\\Illuminate\\Container\\Container.php(799): Illuminate\\Container\\BoundMethod::call()
#16 D:\\gitProject\\salescrm\\vendor\\laravel\\framework\\src\\Illuminate\\Support\\ServiceProvider.php(150): Illuminate\\Container\\Container->call()
#17 D:\\gitProject\\salescrm\\vendor\\laravel\\framework\\src\\Illuminate\\Foundation\\Application.php(1154): Illuminate\\Support\\ServiceProvider->callBootedCallbacks()
#18 D:\\gitProject\\salescrm\\vendor\\laravel\\framework\\src\\Illuminate\\Foundation\\Application.php(1132): Illuminate\\Foundation\\Application->bootProvider()
#19 [internal function]: Illuminate\\Foundation\\Application->{closure:Illuminate\\Foundation\\Application::boot():1131}()
#20 D:\\gitProject\\salescrm\\vendor\\laravel\\framework\\src\\Illuminate\\Foundation\\Application.php(1131): array_walk()
#21 D:\\gitProject\\salescrm\\vendor\\laravel\\framework\\src\\Illuminate\\Foundation\\Bootstrap\\BootProviders.php(17): Illuminate\\Foundation\\Application->boot()
#22 D:\\gitProject\\salescrm\\vendor\\laravel\\framework\\src\\Illuminate\\Foundation\\Application.php(342): Illuminate\\Foundation\\Bootstrap\\BootProviders->bootstrap()
#23 D:\\gitProject\\salescrm\\vendor\\laravel\\framework\\src\\Illuminate\\Foundation\\Http\\Kernel.php(186): Illuminate\\Foundation\\Application->bootstrapWith()
#24 D:\\gitProject\\salescrm\\vendor\\laravel\\framework\\src\\Illuminate\\Foundation\\Http\\Kernel.php(170): Illuminate\\Foundation\\Http\\Kernel->bootstrap()
#25 D:\\gitProject\\salescrm\\vendor\\laravel\\framework\\src\\Illuminate\\Foundation\\Http\\Kernel.php(144): Illuminate\\Foundation\\Http\\Kernel->sendRequestThroughRouter()
#26 D:\\gitProject\\salescrm\\vendor\\laravel\\framework\\src\\Illuminate\\Foundation\\Application.php(1220): Illuminate\\Foundation\\Http\\Kernel->handle()
#27 D:\\gitProject\\salescrm\\public\\index.php(20): Illuminate\\Foundation\\Application->handleRequest()
#28 D:\\gitProject\\salescrm\\vendor\\laravel\\framework\\src\\Illuminate\\Foundation\\resources\\server.php(23): require_once('...')
#29 {main}
"} 
[2026-10-01 10:31:54] local.ERROR: Unclosed '{' on line 215 {"exception":"[object] (ParseError(code: 0): Unclosed '{' on line 215 at D:\\gitProject\\salescrm\\routes\\web.php:1263)
[stacktrace]
#0 D:\\gitProject\\salescrm\\vendor\\laravel\\framework\\src\\Illuminate\\Routing\\Router.php(513): Illuminate\\Routing\\RouteFileRegistrar->register()
#1 D:\\gitProject\\salescrm\\vendor\\laravel\\framework\\src\\Illuminate\\Routing\\Router.php(467): Illuminate\\Routing\\Router->loadRoutes()
#2 D:\\gitProject\\salescrm\\vendor\\laravel\\framework\\src\\Illuminate\\Routing\\RouteRegistrar.php(212): Illuminate\\Routing\\Router->group()
#3 D:\\gitProject\\salescrm\\vendor\\laravel\\framework\\src\\Illuminate\\Foundation\\Configuration\\ApplicationBuilder.php(248): Illuminate\\Routing\\RouteRegistrar->group()
#4 D:\\gitProject\\salescrm\\vendor\\laravel\\framework\\src\\Illuminate\\Container\\BoundMethod.php(36): Illuminate\\Foundation\\Configuration\\ApplicationBuilder->{closure:Illuminate\\Foundation\\Configuration\\ApplicationBuilder::buildRoutingCallback():205}()
#5 D:\\gitProject\\salescrm\\vendor\\laravel\\framework\\src\\Illuminate\\Container\\Util.php(43): Illuminate\\Container\\BoundMethod::{closure:Illuminate\\Container\\BoundMethod::call():35}()
#6 D:\\gitProject\\salescrm\\vendor\\laravel\\framework\\src\\Illuminate\\Container\\BoundMethod.php(84): Illuminate\\Container\\Util::unwrapIfClosure()
#7 D:\\gitProject\\salescrm\\vendor\\laravel\\framework\\src\\Illuminate\\Container\\BoundMethod.php(35): Illuminate\\Container\\BoundMethod::callBoundMethod()
#8 D:\\gitProject\\salescrm\\vendor\\laravel\\framework\\src\\Illuminate\\Container\\Container.php(799): Illuminate\\Container\\BoundMethod::call()
#9 D:\\gitProject\\salescrm\\vendor\\laravel\\framework\\src\\Illuminate\\Foundation\\Support\\Providers\\RouteServiceProvider.php(162): Illuminate\\Container\\Container->call()
#10 D:\\gitProject\\salescrm\\vendor\\laravel\\framework\\src\\Illuminate\\Foundation\\Support\\Providers\\RouteServiceProvider.php(59): Illuminate\\Foundation\\Support\\Providers\\RouteServiceProvider->loadRoutes()
#11 D:\\gitProject\\salescrm\\vendor\\laravel\\framework\\src\\Illuminate\\Container\\BoundMethod.php(36): Illuminate\\Foundation\\Support\\Providers\\RouteServiceProvider->{closure:Illuminate\\Foundation\\Support\\Providers\\RouteServiceProvider::register():53}()
#12 D:\\gitProject\\salescrm\\vendor\\laravel\\framework\\src\\Illuminate\\Container\\Util.php(43): Illuminate\\Container\\BoundMethod::{closure:Illuminate\\Container\\BoundMethod::call():35}()
#13 D:\\gitProject\\salescrm\\vendor\\laravel\\framework\\src\\Illuminate\\Container\\BoundMethod.php(84): Illuminate\\Container\\Util::unwrapIfClosure()
#14 D:\\gitProject\\salescrm\\vendor\\laravel\\framework\\src\\Illuminate\\Container\\BoundMethod.php(35): Illuminate\\Container\\BoundMethod::callBoundMethod()
#15 D:\\gitProject\\salescrm\\vendor\\laravel\\framework\\src\\Illuminate\\Container\\Container.php(799): Illuminate\\Container\\BoundMethod::call()
#16 D:\\gitProject\\salescrm\\vendor\\laravel\\framework\\src\\Illuminate\\Support\\ServiceProvider.php(150): Illuminate\\Container\\Container->call()
#17 D:\\gitProject\\salescrm\\vendor\\laravel\\framework\\src\\Illuminate\\Foundation\\Application.php(1154): Illuminate\\Support\\ServiceProvider->callBootedCallbacks()
#18 D:\\gitProject\\salescrm\\vendor\\laravel\\framework\\src\\Illuminate\\Foundation\\Application.php(1132): Illuminate\\Foundation\\Application->bootProvider()
#19 [internal function]: Illuminate\\Foundation\\Application->{closure:Illuminate\\Foundation\\Application::boot():1131}()
#20 D:\\gitProject\\salescrm\\vendor\\laravel\\framework\\src\\Illuminate\\Foundation\\Application.php(1131): array_walk()
#21 D:\\gitProject\\salescrm\\vendor\\laravel\\framework\\src\\Illuminate\\Foundation\\Bootstrap\\BootProviders.php(17): Illuminate\\Foundation\\Application->boot()
#22 D:\\gitProject\\salescrm\\vendor\\laravel\\framework\\src\\Illuminate\\Foundation\\Application.php(342): Illuminate\\Foundation\\Bootstrap\\BootProviders->bootstrap()
#23 D:\\gitProject\\salescrm\\vendor\\laravel\\framework\\src\\Illuminate\\Foundation\\Http\\Kernel.php(186): Illuminate\\Foundation\\Application->bootstrapWith()
#24 D:\\gitProject\\salescrm\\vendor\\laravel\\framework\\src\\Illuminate\\Foundation\\Http\\Kernel.php(170): Illuminate\\Foundation\\Http\\Kernel->bootstrap()
#25 D:\\gitProject\\salescrm\\vendor\\laravel\\framework\\src\\Illuminate\\Foundation\\Http\\Kernel.php(144): Illuminate\\Foundation\\Http\\Kernel->sendRequestThroughRouter()
#26 D:\\gitProject\\salescrm\\vendor\\laravel\\framework\\src\\Illuminate\\Foundation\\Application.php(1220): Illuminate\\Foundation\\Http\\Kernel->handle()
#27 D:\\gitProject\\salescrm\\public\\index.php(20): Illuminate\\Foundation\\Application->handleRequest()
#28 D:\\gitProject\\salescrm\\vendor\\laravel\\framework\\src\\Illuminate\\Foundation\\resources\\server.php(23): require_once('...')
#29 {main}
"} 
[2026-10-01 10:33:54] local.INFO: Storage settings loaded {"user_id":1,"settings":{"aws_access_key_id":"","aws_bucket":"","aws_default_region":"us-east-1","aws_endpoint":"","aws_secret_access_key":"","aws_url":"","storage_file_types":"jpg,png,webp,gif,pdf,doc,docx,txt,csv","storage_max_upload_size":"2048","storage_type":"local","wasabi_access_key":"","wasabi_bucket":"","wasabi_region":"us-east-1","wasabi_root":"","wasabi_secret_key":"","wasabi_url":""}} 
[2026-10-01 10:36:07] local.INFO: Impersonation started {"acting_user_id":1,"impersonated_user_id":4,"ip_address":"127.0.0.1","timestamp":"2026-10-01 10:36:07"} 
[2026-10-01 10:36:16] local.INFO: Impersonation ended {"timestamp":"2026-10-01 10:36:16"} 
[2026-10-01 10:36:20] local.INFO: Impersonation started {"acting_user_id":1,"impersonated_user_id":4,"ip_address":"127.0.0.1","timestamp":"2026-10-01 10:36:20"} 
[2026-10-01 10:36:46] local.INFO: Impersonation ended {"timestamp":"2026-10-01 10:36:46"} 
[2026-10-01 10:36:54] local.INFO: Impersonation started {"acting_user_id":1,"impersonated_user_id":"4","ip_address":"127.0.0.1","timestamp":"2026-10-01 10:36:54"} 
[2026-10-01 10:38:58] local.INFO: Storage settings loaded {"user_id":1,"settings":{"aws_access_key_id":"","aws_bucket":"","aws_default_region":"us-east-1","aws_endpoint":"","aws_secret_access_key":"","aws_url":"","storage_file_types":"jpg,png,webp,gif,pdf,doc,docx,txt,csv","storage_max_upload_size":"2048","storage_type":"local","wasabi_access_key":"","wasabi_bucket":"","wasabi_region":"us-east-1","wasabi_root":"","wasabi_secret_key":"","wasabi_url":""}} 
[2026-10-01 10:39:23] local.INFO: Impersonation ended {"timestamp":"2026-10-01 10:39:23"} 
[2026-10-01 10:39:30] local.INFO: Impersonation started {"acting_user_id":1,"impersonated_user_id":"13","ip_address":"127.0.0.1","timestamp":"2026-10-01 10:39:30"} 
[2026-10-01 10:44:09] local.INFO: Storage settings loaded {"user_id":1,"settings":{"aws_access_key_id":"","aws_bucket":"","aws_default_region":"us-east-1","aws_endpoint":"","aws_secret_access_key":"","aws_url":"","storage_file_types":"jpg,png,webp,gif,pdf,doc,docx,txt,csv","storage_max_upload_size":"2048","storage_type":"local","wasabi_access_key":"","wasabi_bucket":"","wasabi_region":"us-east-1","wasabi_root":"","wasabi_secret_key":"","wasabi_url":""}} 
[2026-10-01 10:49:09] local.INFO: Storage settings loaded {"user_id":1,"settings":{"aws_access_key_id":"","aws_bucket":"","aws_default_region":"us-east-1","aws_endpoint":"","aws_secret_access_key":"","aws_url":"","storage_file_types":"jpg,png,webp,gif,pdf,doc,docx,txt,csv","storage_max_upload_size":"2048","storage_type":"local","wasabi_access_key":"","wasabi_bucket":"","wasabi_region":"us-east-1","wasabi_root":"","wasabi_secret_key":"","wasabi_url":""}} 
[2026-10-01 10:56:41] local.INFO: Storage settings loaded {"user_id":1,"settings":{"aws_access_key_id":"","aws_bucket":"","aws_default_region":"us-east-1","aws_endpoint":"","aws_secret_access_key":"","aws_url":"","storage_file_types":"jpg,png,webp,gif,pdf,doc,docx,txt,csv","storage_max_upload_size":"2048","storage_type":"local","wasabi_access_key":"","wasabi_bucket":"","wasabi_region":"us-east-1","wasabi_root":"","wasabi_secret_key":"","wasabi_url":""}} 
[2026-10-01 10:58:24] local.ERROR: Unclosed '{' on line 215 {"exception":"[object] (ParseError(code: 0): Unclosed '{' on line 215 at D:\\gitProject\\salescrm\\routes\\web.php:1263)
[stacktrace]
#0 D:\\gitProject\\salescrm\\vendor\\laravel\\framework\\src\\Illuminate\\Routing\\Router.php(513): Illuminate\\Routing\\RouteFileRegistrar->register()
#1 D:\\gitProject\\salescrm\\vendor\\laravel\\framework\\src\\Illuminate\\Routing\\Router.php(467): Illuminate\\Routing\\Router->loadRoutes()
#2 D:\\gitProject\\salescrm\\vendor\\laravel\\framework\\src\\Illuminate\\Routing\\RouteRegistrar.php(212): Illuminate\\Routing\\Router->group()
#3 D:\\gitProject\\salescrm\\vendor\\laravel\\framework\\src\\Illuminate\\Foundation\\Configuration\\ApplicationBuilder.php(248): Illuminate\\Routing\\RouteRegistrar->group()
#4 D:\\gitProject\\salescrm\\vendor\\laravel\\framework\\src\\Illuminate\\Container\\BoundMethod.php(36): Illuminate\\Foundation\\Configuration\\ApplicationBuilder->{closure:Illuminate\\Foundation\\Configuration\\ApplicationBuilder::buildRoutingCallback():205}()
#5 D:\\gitProject\\salescrm\\vendor\\laravel\\framework\\src\\Illuminate\\Container\\Util.php(43): Illuminate\\Container\\BoundMethod::{closure:Illuminate\\Container\\BoundMethod::call():35}()
#6 D:\\gitProject\\salescrm\\vendor\\laravel\\framework\\src\\Illuminate\\Container\\BoundMethod.php(84): Illuminate\\Container\\Util::unwrapIfClosure()
#7 D:\\gitProject\\salescrm\\vendor\\laravel\\framework\\src\\Illuminate\\Container\\BoundMethod.php(35): Illuminate\\Container\\BoundMethod::callBoundMethod()
#8 D:\\gitProject\\salescrm\\vendor\\laravel\\framework\\src\\Illuminate\\Container\\Container.php(799): Illuminate\\Container\\BoundMethod::call()
#9 D:\\gitProject\\salescrm\\vendor\\laravel\\framework\\src\\Illuminate\\Foundation\\Support\\Providers\\RouteServiceProvider.php(162): Illuminate\\Container\\Container->call()
#10 D:\\gitProject\\salescrm\\vendor\\laravel\\framework\\src\\Illuminate\\Foundation\\Support\\Providers\\RouteServiceProvider.php(59): Illuminate\\Foundation\\Support\\Providers\\RouteServiceProvider->loadRoutes()
#11 D:\\gitProject\\salescrm\\vendor\\laravel\\framework\\src\\Illuminate\\Container\\BoundMethod.php(36): Illuminate\\Foundation\\Support\\Providers\\RouteServiceProvider->{closure:Illuminate\\Foundation\\Support\\Providers\\RouteServiceProvider::register():53}()
#12 D:\\gitProject\\salescrm\\vendor\\laravel\\framework\\src\\Illuminate\\Container\\Util.php(43): Illuminate\\Container\\BoundMethod::{closure:Illuminate\\Container\\BoundMethod::call():35}()
#13 D:\\gitProject\\salescrm\\vendor\\laravel\\framework\\src\\Illuminate\\Container\\BoundMethod.php(84): Illuminate\\Container\\Util::unwrapIfClosure()
#14 D:\\gitProject\\salescrm\\vendor\\laravel\\framework\\src\\Illuminate\\Container\\BoundMethod.php(35): Illuminate\\Container\\BoundMethod::callBoundMethod()
#15 D:\\gitProject\\salescrm\\vendor\\laravel\\framework\\src\\Illuminate\\Container\\Container.php(799): Illuminate\\Container\\BoundMethod::call()
#16 D:\\gitProject\\salescrm\\vendor\\laravel\\framework\\src\\Illuminate\\Support\\ServiceProvider.php(150): Illuminate\\Container\\Container->call()
#17 D:\\gitProject\\salescrm\\vendor\\laravel\\framework\\src\\Illuminate\\Foundation\\Application.php(1154): Illuminate\\Support\\ServiceProvider->callBootedCallbacks()
#18 D:\\gitProject\\salescrm\\vendor\\laravel\\framework\\src\\Illuminate\\Foundation\\Application.php(1132): Illuminate\\Foundation\\Application->bootProvider()
#19 [internal function]: Illuminate\\Foundation\\Application->{closure:Illuminate\\Foundation\\Application::boot():1131}()
#20 D:\\gitProject\\salescrm\\vendor\\laravel\\framework\\src\\Illuminate\\Foundation\\Application.php(1131): array_walk()
#21 D:\\gitProject\\salescrm\\vendor\\laravel\\framework\\src\\Illuminate\\Foundation\\Bootstrap\\BootProviders.php(17): Illuminate\\Foundation\\Application->boot()
#22 D:\\gitProject\\salescrm\\vendor\\laravel\\framework\\src\\Illuminate\\Foundation\\Application.php(342): Illuminate\\Foundation\\Bootstrap\\BootProviders->bootstrap()
#23 D:\\gitProject\\salescrm\\vendor\\laravel\\framework\\src\\Illuminate\\Foundation\\Http\\Kernel.php(186): Illuminate\\Foundation\\Application->bootstrapWith()
#24 D:\\gitProject\\salescrm\\vendor\\laravel\\framework\\src\\Illuminate\\Foundation\\Http\\Kernel.php(170): Illuminate\\Foundation\\Http\\Kernel->bootstrap()
#25 D:\\gitProject\\salescrm\\vendor\\laravel\\framework\\src\\Illuminate\\Foundation\\Http\\Kernel.php(144): Illuminate\\Foundation\\Http\\Kernel->sendRequestThroughRouter()
#26 D:\\gitProject\\salescrm\\vendor\\laravel\\framework\\src\\Illuminate\\Foundation\\Application.php(1220): Illuminate\\Foundation\\Http\\Kernel->handle()
#27 D:\\gitProject\\salescrm\\public\\index.php(20): Illuminate\\Foundation\\Application->handleRequest()
#28 D:\\gitProject\\salescrm\\vendor\\laravel\\framework\\src\\Illuminate\\Foundation\\resources\\server.php(23): require_once('...')
#29 {main}
"} 
[2026-10-01 10:58:27] local.ERROR: Unclosed '{' on line 215 {"exception":"[object] (ParseError(code: 0): Unclosed '{' on line 215 at D:\\gitProject\\salescrm\\routes\\web.php:1263)
[stacktrace]
#0 D:\\gitProject\\salescrm\\vendor\\laravel\\framework\\src\\Illuminate\\Routing\\Router.php(513): Illuminate\\Routing\\RouteFileRegistrar->register()
#1 D:\\gitProject\\salescrm\\vendor\\laravel\\framework\\src\\Illuminate\\Routing\\Router.php(467): Illuminate\\Routing\\Router->loadRoutes()
#2 D:\\gitProject\\salescrm\\vendor\\laravel\\framework\\src\\Illuminate\\Routing\\RouteRegistrar.php(212): Illuminate\\Routing\\Router->group()
#3 D:\\gitProject\\salescrm\\vendor\\laravel\\framework\\src\\Illuminate\\Foundation\\Configuration\\ApplicationBuilder.php(248): Illuminate\\Routing\\RouteRegistrar->group()
#4 D:\\gitProject\\salescrm\\vendor\\laravel\\framework\\src\\Illuminate\\Container\\BoundMethod.php(36): Illuminate\\Foundation\\Configuration\\ApplicationBuilder->{closure:Illuminate\\Foundation\\Configuration\\ApplicationBuilder::buildRoutingCallback():205}()
#5 D:\\gitProject\\salescrm\\vendor\\laravel\\framework\\src\\Illuminate\\Container\\Util.php(43): Illuminate\\Container\\BoundMethod::{closure:Illuminate\\Container\\BoundMethod::call():35}()
#6 D:\\gitProject\\salescrm\\vendor\\laravel\\framework\\src\\Illuminate\\Container\\BoundMethod.php(84): Illuminate\\Container\\Util::unwrapIfClosure()
#7 D:\\gitProject\\salescrm\\vendor\\laravel\\framework\\src\\Illuminate\\Container\\BoundMethod.php(35): Illuminate\\Container\\BoundMethod::callBoundMethod()
#8 D:\\gitProject\\salescrm\\vendor\\laravel\\framework\\src\\Illuminate\\Container\\Container.php(799): Illuminate\\Container\\BoundMethod::call()
#9 D:\\gitProject\\salescrm\\vendor\\laravel\\framework\\src\\Illuminate\\Foundation\\Support\\Providers\\RouteServiceProvider.php(162): Illuminate\\Container\\Container->call()
#10 D:\\gitProject\\salescrm\\vendor\\laravel\\framework\\src\\Illuminate\\Foundation\\Support\\Providers\\RouteServiceProvider.php(59): Illuminate\\Foundation\\Support\\Providers\\RouteServiceProvider->loadRoutes()
#11 D:\\gitProject\\salescrm\\vendor\\laravel\\framework\\src\\Illuminate\\Container\\BoundMethod.php(36): Illuminate\\Foundation\\Support\\Providers\\RouteServiceProvider->{closure:Illuminate\\Foundation\\Support\\Providers\\RouteServiceProvider::register():53}()
#12 D:\\gitProject\\salescrm\\vendor\\laravel\\framework\\src\\Illuminate\\Container\\Util.php(43): Illuminate\\Container\\BoundMethod::{closure:Illuminate\\Container\\BoundMethod::call():35}()
#13 D:\\gitProject\\salescrm\\vendor\\laravel\\framework\\src\\Illuminate\\Container\\BoundMethod.php(84): Illuminate\\Container\\Util::unwrapIfClosure()
#14 D:\\gitProject\\salescrm\\vendor\\laravel\\framework\\src\\Illuminate\\Container\\BoundMethod.php(35): Illuminate\\Container\\BoundMethod::callBoundMethod()
#15 D:\\gitProject\\salescrm\\vendor\\laravel\\framework\\src\\Illuminate\\Container\\Container.php(799): Illuminate\\Container\\BoundMethod::call()
#16 D:\\gitProject\\salescrm\\vendor\\laravel\\framework\\src\\Illuminate\\Support\\ServiceProvider.php(150): Illuminate\\Container\\Container->call()
#17 D:\\gitProject\\salescrm\\vendor\\laravel\\framework\\src\\Illuminate\\Foundation\\Application.php(1154): Illuminate\\Support\\ServiceProvider->callBootedCallbacks()
#18 D:\\gitProject\\salescrm\\vendor\\laravel\\framework\\src\\Illuminate\\Foundation\\Application.php(1132): Illuminate\\Foundation\\Application->bootProvider()
#19 [internal function]: Illuminate\\Foundation\\Application->{closure:Illuminate\\Foundation\\Application::boot():1131}()
#20 D:\\gitProject\\salescrm\\vendor\\laravel\\framework\\src\\Illuminate\\Foundation\\Application.php(1131): array_walk()
#21 D:\\gitProject\\salescrm\\vendor\\laravel\\framework\\src\\Illuminate\\Foundation\\Bootstrap\\BootProviders.php(17): Illuminate\\Foundation\\Application->boot()
#22 D:\\gitProject\\salescrm\\vendor\\laravel\\framework\\src\\Illuminate\\Foundation\\Application.php(342): Illuminate\\Foundation\\Bootstrap\\BootProviders->bootstrap()
#23 D:\\gitProject\\salescrm\\vendor\\laravel\\framework\\src\\Illuminate\\Foundation\\Http\\Kernel.php(186): Illuminate\\Foundation\\Application->bootstrapWith()
#24 D:\\gitProject\\salescrm\\vendor\\laravel\\framework\\src\\Illuminate\\Foundation\\Http\\Kernel.php(170): Illuminate\\Foundation\\Http\\Kernel->bootstrap()
#25 D:\\gitProject\\salescrm\\vendor\\laravel\\framework\\src\\Illuminate\\Foundation\\Http\\Kernel.php(144): Illuminate\\Foundation\\Http\\Kernel->sendRequestThroughRouter()
#26 D:\\gitProject\\salescrm\\vendor\\laravel\\framework\\src\\Illuminate\\Foundation\\Application.php(1220): Illuminate\\Foundation\\Http\\Kernel->handle()
#27 D:\\gitProject\\salescrm\\public\\index.php(20): Illuminate\\Foundation\\Application->handleRequest()
#28 D:\\gitProject\\salescrm\\vendor\\laravel\\framework\\src\\Illuminate\\Foundation\\resources\\server.php(23): require_once('...')
#29 {main}
"} 
[2026-10-01 11:01:44] local.INFO: Storage settings loaded {"user_id":1,"settings":{"aws_access_key_id":"","aws_bucket":"","aws_default_region":"us-east-1","aws_endpoint":"","aws_secret_access_key":"","aws_url":"","storage_file_types":"jpg,png,webp,gif,pdf,doc,docx,txt,csv","storage_max_upload_size":"2048","storage_type":"local","wasabi_access_key":"","wasabi_bucket":"","wasabi_region":"us-east-1","wasabi_root":"","wasabi_secret_key":"","wasabi_url":""}} 
[2026-10-01 11:06:58] local.INFO: Storage settings loaded {"user_id":1,"settings":{"aws_access_key_id":"","aws_bucket":"","aws_default_region":"us-east-1","aws_endpoint":"","aws_secret_access_key":"","aws_url":"","storage_file_types":"jpg,png,webp,gif,pdf,doc,docx,txt,csv","storage_max_upload_size":"2048","storage_type":"local","wasabi_access_key":"","wasabi_bucket":"","wasabi_region":"us-east-1","wasabi_root":"","wasabi_secret_key":"","wasabi_url":""}} 
[2026-10-01 11:11:58] local.INFO: Storage settings loaded {"user_id":1,"settings":{"aws_access_key_id":"","aws_bucket":"","aws_default_region":"us-east-1","aws_endpoint":"","aws_secret_access_key":"","aws_url":"","storage_file_types":"jpg,png,webp,gif,pdf,doc,docx,txt,csv","storage_max_upload_size":"2048","storage_type":"local","wasabi_access_key":"","wasabi_bucket":"","wasabi_region":"us-east-1","wasabi_root":"","wasabi_secret_key":"","wasabi_url":""}} 
[2026-10-01 11:13:01] local.INFO: Impersonation ended {"timestamp":"2026-10-01 11:13:01"} 
[2026-10-01 11:13:15] local.INFO: Impersonation started {"acting_user_id":1,"impersonated_user_id":"4","ip_address":"127.0.0.1","timestamp":"2026-10-01 11:13:15"} 
[2026-10-01 11:13:24] local.INFO: Impersonation ended {"timestamp":"2026-10-01 11:13:24"} 
[2026-10-01 11:17:14] local.INFO: Storage settings loaded {"user_id":1,"settings":{"aws_access_key_id":"","aws_bucket":"","aws_default_region":"us-east-1","aws_endpoint":"","aws_secret_access_key":"","aws_url":"","storage_file_types":"jpg,png,webp,gif,pdf,doc,docx,txt,csv","storage_max_upload_size":"2048","storage_type":"local","wasabi_access_key":"","wasabi_bucket":"","wasabi_region":"us-east-1","wasabi_root":"","wasabi_secret_key":"","wasabi_url":""}} 
[2026-10-01 11:22:14] local.INFO: Storage settings loaded {"user_id":1,"settings":{"aws_access_key_id":"","aws_bucket":"","aws_default_region":"us-east-1","aws_endpoint":"","aws_secret_access_key":"","aws_url":"","storage_file_types":"jpg,png,webp,gif,pdf,doc,docx,txt,csv","storage_max_upload_size":"2048","storage_type":"local","wasabi_access_key":"","wasabi_bucket":"","wasabi_region":"us-east-1","wasabi_root":"","wasabi_secret_key":"","wasabi_url":""}} 
[2026-10-01 11:22:14] local.INFO: Impersonation started {"acting_user_id":1,"impersonated_user_id":"4","ip_address":"127.0.0.1","timestamp":"2026-10-01 11:22:14"} 
[2026-10-01 11:22:19] local.INFO: Impersonation ended {"timestamp":"2026-10-01 11:22:19"} 
[2026-10-01 11:27:23] local.INFO: Storage settings loaded {"user_id":1,"settings":{"aws_access_key_id":"","aws_bucket":"","aws_default_region":"us-east-1","aws_endpoint":"","aws_secret_access_key":"","aws_url":"","storage_file_types":"jpg,png,webp,gif,pdf,doc,docx,txt,csv","storage_max_upload_size":"2048","storage_type":"local","wasabi_access_key":"","wasabi_bucket":"","wasabi_region":"us-east-1","wasabi_root":"","wasabi_secret_key":"","wasabi_url":""}} 
[2026-10-01 11:32:24] local.INFO: Storage settings loaded {"user_id":1,"settings":{"aws_access_key_id":"","aws_bucket":"","aws_default_region":"us-east-1","aws_endpoint":"","aws_secret_access_key":"","aws_url":"","storage_file_types":"jpg,png,webp,gif,pdf,doc,docx,txt,csv","storage_max_upload_size":"2048","storage_type":"local","wasabi_access_key":"","wasabi_bucket":"","wasabi_region":"us-east-1","wasabi_root":"","wasabi_secret_key":"","wasabi_url":""}} 
[2026-10-01 11:43:26] local.INFO: Storage settings loaded {"user_id":1,"settings":{"aws_access_key_id":"","aws_bucket":"","aws_default_region":"us-east-1","aws_endpoint":"","aws_secret_access_key":"","aws_url":"","storage_file_types":"jpg,png,webp,gif,pdf,doc,docx,txt,csv","storage_max_upload_size":"2048","storage_type":"local","wasabi_access_key":"","wasabi_bucket":"","wasabi_region":"us-east-1","wasabi_root":"","wasabi_secret_key":"","wasabi_url":""}} 
[2026-10-01 11:48:27] local.INFO: Storage settings loaded {"user_id":1,"settings":{"aws_access_key_id":"","aws_bucket":"","aws_default_region":"us-east-1","aws_endpoint":"","aws_secret_access_key":"","aws_url":"","storage_file_types":"jpg,png,webp,gif,pdf,doc,docx,txt,csv","storage_max_upload_size":"2048","storage_type":"local","wasabi_access_key":"","wasabi_bucket":"","wasabi_region":"us-east-1","wasabi_root":"","wasabi_secret_key":"","wasabi_url":""}} 
[2026-10-01 11:53:27] local.INFO: Storage settings loaded {"user_id":1,"settings":{"aws_access_key_id":"","aws_bucket":"","aws_default_region":"us-east-1","aws_endpoint":"","aws_secret_access_key":"","aws_url":"","storage_file_types":"jpg,png,webp,gif,pdf,doc,docx,txt,csv","storage_max_upload_size":"2048","storage_type":"local","wasabi_access_key":"","wasabi_bucket":"","wasabi_region":"us-east-1","wasabi_root":"","wasabi_secret_key":"","wasabi_url":""}} 
[2026-10-01 11:58:40] local.INFO: Storage settings loaded {"user_id":1,"settings":{"aws_access_key_id":"","aws_bucket":"","aws_default_region":"us-east-1","aws_endpoint":"","aws_secret_access_key":"","aws_url":"","storage_file_types":"jpg,png,webp,gif,pdf,doc,docx,txt,csv","storage_max_upload_size":"2048","storage_type":"local","wasabi_access_key":"","wasabi_bucket":"","wasabi_region":"us-east-1","wasabi_root":"","wasabi_secret_key":"","wasabi_url":""}} 
[2026-10-01 12:03:40] local.INFO: Storage settings loaded {"user_id":1,"settings":{"aws_access_key_id":"","aws_bucket":"","aws_default_region":"us-east-1","aws_endpoint":"","aws_secret_access_key":"","aws_url":"","storage_file_types":"jpg,png,webp,gif,pdf,doc,docx,txt,csv","storage_max_upload_size":"2048","storage_type":"local","wasabi_access_key":"","wasabi_bucket":"","wasabi_region":"us-east-1","wasabi_root":"","wasabi_secret_key":"","wasabi_url":""}} 
[2026-10-01 12:10:37] local.INFO: Storage settings loaded {"user_id":1,"settings":{"aws_access_key_id":"","aws_bucket":"","aws_default_region":"us-east-1","aws_endpoint":"","aws_secret_access_key":"","aws_url":"","storage_file_types":"jpg,png,webp,gif,pdf,doc,docx,txt,csv","storage_max_upload_size":"2048","storage_type":"local","wasabi_access_key":"","wasabi_bucket":"","wasabi_region":"us-east-1","wasabi_root":"","wasabi_secret_key":"","wasabi_url":""}} 
[2026-10-01 12:15:37] local.INFO: Storage settings loaded {"user_id":1,"settings":{"aws_access_key_id":"","aws_bucket":"","aws_default_region":"us-east-1","aws_endpoint":"","aws_secret_access_key":"","aws_url":"","storage_file_types":"jpg,png,webp,gif,pdf,doc,docx,txt,csv","storage_max_upload_size":"2048","storage_type":"local","wasabi_access_key":"","wasabi_bucket":"","wasabi_region":"us-east-1","wasabi_root":"","wasabi_secret_key":"","wasabi_url":""}} 
[2026-10-01 12:24:19] local.INFO: Storage settings loaded {"user_id":1,"settings":{"aws_access_key_id":"","aws_bucket":"","aws_default_region":"us-east-1","aws_endpoint":"","aws_secret_access_key":"","aws_url":"","storage_file_types":"jpg,png,webp,gif,pdf,doc,docx,txt,csv","storage_max_upload_size":"2048","storage_type":"local","wasabi_access_key":"","wasabi_bucket":"","wasabi_region":"us-east-1","wasabi_root":"","wasabi_secret_key":"","wasabi_url":""}} 
[2026-10-01 12:29:19] local.INFO: Storage settings loaded {"user_id":1,"settings":{"aws_access_key_id":"","aws_bucket":"","aws_default_region":"us-east-1","aws_endpoint":"","aws_secret_access_key":"","aws_url":"","storage_file_types":"jpg,png,webp,gif,pdf,doc,docx,txt,csv","storage_max_upload_size":"2048","storage_type":"local","wasabi_access_key":"","wasabi_bucket":"","wasabi_region":"us-east-1","wasabi_root":"","wasabi_secret_key":"","wasabi_url":""}} 
[2026-10-01 12:34:19] local.INFO: Storage settings loaded {"user_id":1,"settings":{"aws_access_key_id":"","aws_bucket":"","aws_default_region":"us-east-1","aws_endpoint":"","aws_secret_access_key":"","aws_url":"","storage_file_types":"jpg,png,webp,gif,pdf,doc,docx,txt,csv","storage_max_upload_size":"2048","storage_type":"local","wasabi_access_key":"","wasabi_bucket":"","wasabi_region":"us-east-1","wasabi_root":"","wasabi_secret_key":"","wasabi_url":""}} 
[2026-10-01 12:39:19] local.INFO: Storage settings loaded {"user_id":1,"settings":{"aws_access_key_id":"","aws_bucket":"","aws_default_region":"us-east-1","aws_endpoint":"","aws_secret_access_key":"","aws_url":"","storage_file_types":"jpg,png,webp,gif,pdf,doc,docx,txt,csv","storage_max_upload_size":"2048","storage_type":"local","wasabi_access_key":"","wasabi_bucket":"","wasabi_region":"us-east-1","wasabi_root":"","wasabi_secret_key":"","wasabi_url":""}} 
[2026-10-01 12:44:19] local.INFO: Storage settings loaded {"user_id":1,"settings":{"aws_access_key_id":"","aws_bucket":"","aws_default_region":"us-east-1","aws_endpoint":"","aws_secret_access_key":"","aws_url":"","storage_file_types":"jpg,png,webp,gif,pdf,doc,docx,txt,csv","storage_max_upload_size":"2048","storage_type":"local","wasabi_access_key":"","wasabi_bucket":"","wasabi_region":"us-east-1","wasabi_root":"","wasabi_secret_key":"","wasabi_url":""}} 
[2026-10-01 12:49:19] local.INFO: Storage settings loaded {"user_id":1,"settings":{"aws_access_key_id":"","aws_bucket":"","aws_default_region":"us-east-1","aws_endpoint":"","aws_secret_access_key":"","aws_url":"","storage_file_types":"jpg,png,webp,gif,pdf,doc,docx,txt,csv","storage_max_upload_size":"2048","storage_type":"local","wasabi_access_key":"","wasabi_bucket":"","wasabi_region":"us-east-1","wasabi_root":"","wasabi_secret_key":"","wasabi_url":""}} 
[2026-10-01 12:51:07] local.INFO: Impersonation started {"acting_user_id":1,"impersonated_user_id":"4","ip_address":"127.0.0.1","timestamp":"2026-10-01 12:51:07"} 
[2026-10-01 12:54:36] local.INFO: Storage settings loaded {"user_id":1,"settings":{"aws_access_key_id":"","aws_bucket":"","aws_default_region":"us-east-1","aws_endpoint":"","aws_secret_access_key":"","aws_url":"","storage_file_types":"jpg,png,webp,gif,pdf,doc,docx,txt,csv","storage_max_upload_size":"2048","storage_type":"local","wasabi_access_key":"","wasabi_bucket":"","wasabi_region":"us-east-1","wasabi_root":"","wasabi_secret_key":"","wasabi_url":""}} 
[2026-10-01 12:59:36] local.INFO: Storage settings loaded {"user_id":1,"settings":{"aws_access_key_id":"","aws_bucket":"","aws_default_region":"us-east-1","aws_endpoint":"","aws_secret_access_key":"","aws_url":"","storage_file_types":"jpg,png,webp,gif,pdf,doc,docx,txt,csv","storage_max_upload_size":"2048","storage_type":"local","wasabi_access_key":"","wasabi_bucket":"","wasabi_region":"us-east-1","wasabi_root":"","wasabi_secret_key":"","wasabi_url":""}} 
[2026-10-01 13:04:36] local.INFO: Storage settings loaded {"user_id":1,"settings":{"aws_access_key_id":"","aws_bucket":"","aws_default_region":"us-east-1","aws_endpoint":"","aws_secret_access_key":"","aws_url":"","storage_file_types":"jpg,png,webp,gif,pdf,doc,docx,txt,csv","storage_max_upload_size":"2048","storage_type":"local","wasabi_access_key":"","wasabi_bucket":"","wasabi_region":"us-east-1","wasabi_root":"","wasabi_secret_key":"","wasabi_url":""}} 
[2026-10-01 13:09:36] local.INFO: Storage settings loaded {"user_id":1,"settings":{"aws_access_key_id":"","aws_bucket":"","aws_default_region":"us-east-1","aws_endpoint":"","aws_secret_access_key":"","aws_url":"","storage_file_types":"jpg,png,webp,gif,pdf,doc,docx,txt,csv","storage_max_upload_size":"2048","storage_type":"local","wasabi_access_key":"","wasabi_bucket":"","wasabi_region":"us-east-1","wasabi_root":"","wasabi_secret_key":"","wasabi_url":""}} 
[2026-10-01 13:14:36] local.INFO: Storage settings loaded {"user_id":1,"settings":{"aws_access_key_id":"","aws_bucket":"","aws_default_region":"us-east-1","aws_endpoint":"","aws_secret_access_key":"","aws_url":"","storage_file_types":"jpg,png,webp,gif,pdf,doc,docx,txt,csv","storage_max_upload_size":"2048","storage_type":"local","wasabi_access_key":"","wasabi_bucket":"","wasabi_region":"us-east-1","wasabi_root":"","wasabi_secret_key":"","wasabi_url":""}} 
[2026-10-01 13:19:36] local.INFO: Storage settings loaded {"user_id":1,"settings":{"aws_access_key_id":"","aws_bucket":"","aws_default_region":"us-east-1","aws_endpoint":"","aws_secret_access_key":"","aws_url":"","storage_file_types":"jpg,png,webp,gif,pdf,doc,docx,txt,csv","storage_max_upload_size":"2048","storage_type":"local","wasabi_access_key":"","wasabi_bucket":"","wasabi_region":"us-east-1","wasabi_root":"","wasabi_secret_key":"","wasabi_url":""}} 
[2026-10-01 13:24:36] local.INFO: Storage settings loaded {"user_id":1,"settings":{"aws_access_key_id":"","aws_bucket":"","aws_default_region":"us-east-1","aws_endpoint":"","aws_secret_access_key":"","aws_url":"","storage_file_types":"jpg,png,webp,gif,pdf,doc,docx,txt,csv","storage_max_upload_size":"2048","storage_type":"local","wasabi_access_key":"","wasabi_bucket":"","wasabi_region":"us-east-1","wasabi_root":"","wasabi_secret_key":"","wasabi_url":""}} 
[2026-10-01 13:29:49] local.INFO: Storage settings loaded {"user_id":1,"settings":{"aws_access_key_id":"","aws_bucket":"","aws_default_region":"us-east-1","aws_endpoint":"","aws_secret_access_key":"","aws_url":"","storage_file_types":"jpg,png,webp,gif,pdf,doc,docx,txt,csv","storage_max_upload_size":"2048","storage_type":"local","wasabi_access_key":"","wasabi_bucket":"","wasabi_region":"us-east-1","wasabi_root":"","wasabi_secret_key":"","wasabi_url":""}} 
[2026-10-01 13:34:57] local.INFO: Storage settings loaded {"user_id":1,"settings":{"aws_access_key_id":"","aws_bucket":"","aws_default_region":"us-east-1","aws_endpoint":"","aws_secret_access_key":"","aws_url":"","storage_file_types":"jpg,png,webp,gif,pdf,doc,docx,txt,csv","storage_max_upload_size":"2048","storage_type":"local","wasabi_access_key":"","wasabi_bucket":"","wasabi_region":"us-east-1","wasabi_root":"","wasabi_secret_key":"","wasabi_url":""}} 
[2026-10-01 13:39:57] local.INFO: Storage settings loaded {"user_id":1,"settings":{"aws_access_key_id":"","aws_bucket":"","aws_default_region":"us-east-1","aws_endpoint":"","aws_secret_access_key":"","aws_url":"","storage_file_types":"jpg,png,webp,gif,pdf,doc,docx,txt,csv","storage_max_upload_size":"2048","storage_type":"local","wasabi_access_key":"","wasabi_bucket":"","wasabi_region":"us-east-1","wasabi_root":"","wasabi_secret_key":"","wasabi_url":""}} 
[2026-10-01 13:44:57] local.INFO: Storage settings loaded {"user_id":1,"settings":{"aws_access_key_id":"","aws_bucket":"","aws_default_region":"us-east-1","aws_endpoint":"","aws_secret_access_key":"","aws_url":"","storage_file_types":"jpg,png,webp,gif,pdf,doc,docx,txt,csv","storage_max_upload_size":"2048","storage_type":"local","wasabi_access_key":"","wasabi_bucket":"","wasabi_region":"us-east-1","wasabi_root":"","wasabi_secret_key":"","wasabi_url":""}} 
[2026-10-01 13:49:57] local.INFO: Storage settings loaded {"user_id":1,"settings":{"aws_access_key_id":"","aws_bucket":"","aws_default_region":"us-east-1","aws_endpoint":"","aws_secret_access_key":"","aws_url":"","storage_file_types":"jpg,png,webp,gif,pdf,doc,docx,txt,csv","storage_max_upload_size":"2048","storage_type":"local","wasabi_access_key":"","wasabi_bucket":"","wasabi_region":"us-east-1","wasabi_root":"","wasabi_secret_key":"","wasabi_url":""}} 
[2026-10-01 13:54:57] local.INFO: Storage settings loaded {"user_id":1,"settings":{"aws_access_key_id":"","aws_bucket":"","aws_default_region":"us-east-1","aws_endpoint":"","aws_secret_access_key":"","aws_url":"","storage_file_types":"jpg,png,webp,gif,pdf,doc,docx,txt,csv","storage_max_upload_size":"2048","storage_type":"local","wasabi_access_key":"","wasabi_bucket":"","wasabi_region":"us-east-1","wasabi_root":"","wasabi_secret_key":"","wasabi_url":""}} 
[2026-10-01 13:59:57] local.INFO: Storage settings loaded {"user_id":1,"settings":{"aws_access_key_id":"","aws_bucket":"","aws_default_region":"us-east-1","aws_endpoint":"","aws_secret_access_key":"","aws_url":"","storage_file_types":"jpg,png,webp,gif,pdf,doc,docx,txt,csv","storage_max_upload_size":"2048","storage_type":"local","wasabi_access_key":"","wasabi_bucket":"","wasabi_region":"us-east-1","wasabi_root":"","wasabi_secret_key":"","wasabi_url":""}} 
[2026-10-01 14:04:57] local.INFO: Storage settings loaded {"user_id":1,"settings":{"aws_access_key_id":"","aws_bucket":"","aws_default_region":"us-east-1","aws_endpoint":"","aws_secret_access_key":"","aws_url":"","storage_file_types":"jpg,png,webp,gif,pdf,doc,docx,txt,csv","storage_max_upload_size":"2048","storage_type":"local","wasabi_access_key":"","wasabi_bucket":"","wasabi_region":"us-east-1","wasabi_root":"","wasabi_secret_key":"","wasabi_url":""}} 
[2026-10-01 14:09:57] local.INFO: Storage settings loaded {"user_id":1,"settings":{"aws_access_key_id":"","aws_bucket":"","aws_default_region":"us-east-1","aws_endpoint":"","aws_secret_access_key":"","aws_url":"","storage_file_types":"jpg,png,webp,gif,pdf,doc,docx,txt,csv","storage_max_upload_size":"2048","storage_type":"local","wasabi_access_key":"","wasabi_bucket":"","wasabi_region":"us-east-1","wasabi_root":"","wasabi_secret_key":"","wasabi_url":""}} 
[2026-10-01 14:14:57] local.INFO: Storage settings loaded {"user_id":1,"settings":{"aws_access_key_id":"","aws_bucket":"","aws_default_region":"us-east-1","aws_endpoint":"","aws_secret_access_key":"","aws_url":"","storage_file_types":"jpg,png,webp,gif,pdf,doc,docx,txt,csv","storage_max_upload_size":"2048","storage_type":"local","wasabi_access_key":"","wasabi_bucket":"","wasabi_region":"us-east-1","wasabi_root":"","wasabi_secret_key":"","wasabi_url":""}} 
[2026-10-01 14:19:57] local.INFO: Storage settings loaded {"user_id":1,"settings":{"aws_access_key_id":"","aws_bucket":"","aws_default_region":"us-east-1","aws_endpoint":"","aws_secret_access_key":"","aws_url":"","storage_file_types":"jpg,png,webp,gif,pdf,doc,docx,txt,csv","storage_max_upload_size":"2048","storage_type":"local","wasabi_access_key":"","wasabi_bucket":"","wasabi_region":"us-east-1","wasabi_root":"","wasabi_secret_key":"","wasabi_url":""}} 
[2026-10-01 14:24:57] local.INFO: Storage settings loaded {"user_id":1,"settings":{"aws_access_key_id":"","aws_bucket":"","aws_default_region":"us-east-1","aws_endpoint":"","aws_secret_access_key":"","aws_url":"","storage_file_types":"jpg,png,webp,gif,pdf,doc,docx,txt,csv","storage_max_upload_size":"2048","storage_type":"local","wasabi_access_key":"","wasabi_bucket":"","wasabi_region":"us-east-1","wasabi_root":"","wasabi_secret_key":"","wasabi_url":""}} 
[2026-10-03 05:48:46] local.INFO: Storage settings loaded {"user_id":1,"settings":{"aws_access_key_id":"","aws_bucket":"","aws_default_region":"us-east-1","aws_endpoint":"","aws_secret_access_key":"","aws_url":"","storage_file_types":"jpg,png,webp,gif,pdf,doc,docx,txt,csv","storage_max_upload_size":"2048","storage_type":"local","wasabi_access_key":"","wasabi_bucket":"","wasabi_region":"us-east-1","wasabi_root":"","wasabi_secret_key":"","wasabi_url":""}} 
[2026-10-03 05:54:07] local.INFO: Storage settings loaded {"user_id":1,"settings":{"aws_access_key_id":"","aws_bucket":"","aws_default_region":"us-east-1","aws_endpoint":"","aws_secret_access_key":"","aws_url":"","storage_file_types":"jpg,png,webp,gif,pdf,doc,docx,txt,csv","storage_max_upload_size":"2048","storage_type":"local","wasabi_access_key":"","wasabi_bucket":"","wasabi_region":"us-east-1","wasabi_root":"","wasabi_secret_key":"","wasabi_url":""}} 
[2026-10-03 05:54:52] local.INFO: Impersonation started {"acting_user_id":1,"impersonated_user_id":"4","ip_address":"127.0.0.1","timestamp":"2026-10-03 05:54:52"} 
[2026-10-03 05:59:16] local.INFO: Storage settings loaded {"user_id":1,"settings":{"aws_access_key_id":"","aws_bucket":"","aws_default_region":"us-east-1","aws_endpoint":"","aws_secret_access_key":"","aws_url":"","storage_file_types":"jpg,png,webp,gif,pdf,doc,docx,txt,csv","storage_max_upload_size":"2048","storage_type":"local","wasabi_access_key":"","wasabi_bucket":"","wasabi_region":"us-east-1","wasabi_root":"","wasabi_secret_key":"","wasabi_url":""}} 
[2026-10-03 06:04:17] local.INFO: Storage settings loaded {"user_id":1,"settings":{"aws_access_key_id":"","aws_bucket":"","aws_default_region":"us-east-1","aws_endpoint":"","aws_secret_access_key":"","aws_url":"","storage_file_types":"jpg,png,webp,gif,pdf,doc,docx,txt,csv","storage_max_upload_size":"2048","storage_type":"local","wasabi_access_key":"","wasabi_bucket":"","wasabi_region":"us-east-1","wasabi_root":"","wasabi_secret_key":"","wasabi_url":""}} 
[2026-10-03 06:09:36] local.INFO: Storage settings loaded {"user_id":1,"settings":{"aws_access_key_id":"","aws_bucket":"","aws_default_region":"us-east-1","aws_endpoint":"","aws_secret_access_key":"","aws_url":"","storage_file_types":"jpg,png,webp,gif,pdf,doc,docx,txt,csv","storage_max_upload_size":"2048","storage_type":"local","wasabi_access_key":"","wasabi_bucket":"","wasabi_region":"us-east-1","wasabi_root":"","wasabi_secret_key":"","wasabi_url":""}} 
[2026-10-03 06:14:36] local.INFO: Storage settings loaded {"user_id":1,"settings":{"aws_access_key_id":"","aws_bucket":"","aws_default_region":"us-east-1","aws_endpoint":"","aws_secret_access_key":"","aws_url":"","storage_file_types":"jpg,png,webp,gif,pdf,doc,docx,txt,csv","storage_max_upload_size":"2048","storage_type":"local","wasabi_access_key":"","wasabi_bucket":"","wasabi_region":"us-east-1","wasabi_root":"","wasabi_secret_key":"","wasabi_url":""}} 
[2026-10-03 06:18:43] local.ERROR: Vite manifest not found at: D:\gitProject\salescrm\public\build/manifest.json (View: D:\gitProject\salescrm\resources\views\app.blade.php) {"userId":4,"exception":"[object] (Illuminate\\View\\ViewException(code: 0): Vite manifest not found at: D:\\gitProject\\salescrm\\public\\build/manifest.json (View: D:\\gitProject\\salescrm\\resources\\views\\app.blade.php) at D:\\gitProject\\salescrm\\vendor\\laravel\\framework\\src\\Illuminate\\Foundation\\Vite.php:946)
[stacktrace]
#0 D:\\gitProject\\salescrm\\vendor\\laravel\\framework\\src\\Illuminate\\View\\Engines\\PhpEngine.php(59): Illuminate\\View\\Engines\\CompilerEngine->handleViewException()
#1 D:\\gitProject\\salescrm\\vendor\\laravel\\framework\\src\\Illuminate\\View\\Engines\\CompilerEngine.php(76): Illuminate\\View\\Engines\\PhpEngine->evaluatePath()
#2 D:\\gitProject\\salescrm\\vendor\\laravel\\framework\\src\\Illuminate\\View\\View.php(208): Illuminate\\View\\Engines\\CompilerEngine->get()
#3 D:\\gitProject\\salescrm\\vendor\\laravel\\framework\\src\\Illuminate\\View\\View.php(191): Illuminate\\View\\View->getContents()
#4 D:\\gitProject\\salescrm\\vendor\\laravel\\framework\\src\\Illuminate\\View\\View.php(160): Illuminate\\View\\View->renderContents()
#5 D:\\gitProject\\salescrm\\vendor\\laravel\\framework\\src\\Illuminate\\Http\\Response.php(78): Illuminate\\View\\View->render()
#6 D:\\gitProject\\salescrm\\vendor\\laravel\\framework\\src\\Illuminate\\Http\\Response.php(34): Illuminate\\Http\\Response->setContent()
#7 D:\\gitProject\\salescrm\\vendor\\laravel\\framework\\src\\Illuminate\\Routing\\ResponseFactory.php(61): Illuminate\\Http\\Response->__construct()
#8 D:\\gitProject\\salescrm\\vendor\\laravel\\framework\\src\\Illuminate\\Routing\\ResponseFactory.php(91): Illuminate\\Routing\\ResponseFactory->make()
#9 D:\\gitProject\\salescrm\\vendor\\laravel\\framework\\src\\Illuminate\\Support\\Facades\\Facade.php(363): Illuminate\\Routing\\ResponseFactory->view()
#10 D:\\gitProject\\salescrm\\vendor\\inertiajs\\inertia-laravel\\src\\Response.php(217): Illuminate\\Support\\Facades\\Facade::__callStatic()
#11 D:\\gitProject\\salescrm\\vendor\\laravel\\framework\\src\\Illuminate\\Routing\\Router.php(902): Inertia\\Response->toResponse()
#12 D:\\gitProject\\salescrm\\vendor\\laravel\\framework\\src\\Illuminate\\Routing\\Router.php(887): Illuminate\\Routing\\Router::toResponse()
#13 D:\\gitProject\\salescrm\\vendor\\laravel\\framework\\src\\Illuminate\\Routing\\Router.php(807): Illuminate\\Routing\\Router->prepareResponse()
#14 D:\\gitProject\\salescrm\\vendor\\laravel\\framework\\src\\Illuminate\\Pipeline\\Pipeline.php(180): Illuminate\\Routing\\Router->{closure:Illuminate\\Routing\\Router::runRouteWithinStack():807}()
#15 D:\\gitProject\\salescrm\\app\\Http\\Middleware\\CheckPlanAccess.php(85): Illuminate\\Pipeline\\Pipeline->{closure:Illuminate\\Pipeline\\Pipeline::prepareDestination():178}()
#16 D:\\gitProject\\salescrm\\vendor\\laravel\\framework\\src\\Illuminate\\Pipeline\\Pipeline.php(219): App\\Http\\Middleware\\CheckPlanAccess->handle()
#17 D:\\gitProject\\salescrm\\app\\Http\\Middleware\\EnsureEmailIsVerified.php(22): Illuminate\\Pipeline\\Pipeline->{closure:{closure:Illuminate\\Pipeline\\Pipeline::carry():194}:195}()
#18 D:\\gitProject\\salescrm\\vendor\\laravel\\framework\\src\\Illuminate\\Pipeline\\Pipeline.php(219): App\\Http\\Middleware\\EnsureEmailIsVerified->handle()
#19 D:\\gitProject\\salescrm\\app\\Http\\Middleware\\DemoModeMiddleware.php(17): Illuminate\\Pipeline\\Pipeline->{closure:{closure:Illuminate\\Pipeline\\Pipeline::carry():194}:195}()
#20 D:\\gitProject\\salescrm\\vendor\\laravel\\framework\\src\\Illuminate\\Pipeline\\Pipeline.php(219): App\\Http\\Middleware\\DemoModeMiddleware->handle()
#21 D:\\gitProject\\salescrm\\vendor\\laravel\\framework\\src\\Illuminate\\Http\\Middleware\\AddLinkHeadersForPreloadedAssets.php(32): Illuminate\\Pipeline\\Pipeline->{closure:{closure:Illuminate\\Pipeline\\Pipeline::carry():194}:195}()
#22 D:\\gitProject\\salescrm\\vendor\\laravel\\framework\\src\\Illuminate\\Pipeline\\Pipeline.php(219): Illuminate\\Http\\Middleware\\AddLinkHeadersForPreloadedAssets->handle()
#23 D:\\gitProject\\salescrm\\vendor\\inertiajs\\inertia-laravel\\src\\Middleware.php(122): Illuminate\\Pipeline\\Pipeline->{closure:{closure:Illuminate\\Pipeline\\Pipeline::carry():194}:195}()
#24 D:\\gitProject\\salescrm\\vendor\\laravel\\framework\\src\\Illuminate\\Pipeline\\Pipeline.php(219): Inertia\\Middleware->handle()
#25 D:\\gitProject\\salescrm\\app\\Http\\Middleware\\ShareGlobalSettings.php(31): Illuminate\\Pipeline\\Pipeline->{closure:{closure:Illuminate\\Pipeline\\Pipeline::carry():194}:195}()
#26 D:\\gitProject\\salescrm\\vendor\\laravel\\framework\\src\\Illuminate\\Pipeline\\Pipeline.php(219): App\\Http\\Middleware\\ShareGlobalSettings->handle()
#27 D:\\gitProject\\salescrm\\app\\Http\\Middleware\\HandleAppearance.php(21): Illuminate\\Pipeline\\Pipeline->{closure:{closure:Illuminate\\Pipeline\\Pipeline::carry():194}:195}()
#28 D:\\gitProject\\salescrm\\vendor\\laravel\\framework\\src\\Illuminate\\Pipeline\\Pipeline.php(219): App\\Http\\Middleware\\HandleAppearance->handle()
#29 D:\\gitProject\\salescrm\\app\\Http\\Middleware\\CheckInstallation.php(41): Illuminate\\Pipeline\\Pipeline->{closure:{closure:Illuminate\\Pipeline\\Pipeline::carry():194}:195}()
#30 D:\\gitProject\\salescrm\\vendor\\laravel\\framework\\src\\Illuminate\\Pipeline\\Pipeline.php(219): App\\Http\\Middleware\\CheckInstallation->handle()
#31 D:\\gitProject\\salescrm\\vendor\\laravel\\framework\\src\\Illuminate\\Routing\\Middleware\\SubstituteBindings.php(50): Illuminate\\Pipeline\\Pipeline->{closure:{closure:Illuminate\\Pipeline\\Pipeline::carry():194}:195}()
#32 D:\\gitProject\\salescrm\\vendor\\laravel\\framework\\src\\Illuminate\\Pipeline\\Pipeline.php(219): Illuminate\\Routing\\Middleware\\SubstituteBindings->handle()
#33 D:\\gitProject\\salescrm\\vendor\\laravel\\framework\\src\\Illuminate\\Auth\\Middleware\\Authenticate.php(63): Illuminate\\Pipeline\\Pipeline->{closure:{closure:Illuminate\\Pipeline\\Pipeline::carry():194}:195}()
#34 D:\\gitProject\\salescrm\\vendor\\laravel\\framework\\src\\Illuminate\\Pipeline\\Pipeline.php(219): Illuminate\\Auth\\Middleware\\Authenticate->handle()
#35 D:\\gitProject\\salescrm\\vendor\\laravel\\framework\\src\\Illuminate\\Foundation\\Http\\Middleware\\VerifyCsrfToken.php(87): Illuminate\\Pipeline\\Pipeline->{closure:{closure:Illuminate\\Pipeline\\Pipeline::carry():194}:195}()
#36 D:\\gitProject\\salescrm\\vendor\\laravel\\framework\\src\\Illuminate\\Pipeline\\Pipeline.php(219): Illuminate\\Foundation\\Http\\Middleware\\VerifyCsrfToken->handle()
#37 D:\\gitProject\\salescrm\\vendor\\laravel\\framework\\src\\Illuminate\\View\\Middleware\\ShareErrorsFromSession.php(48): Illuminate\\Pipeline\\Pipeline->{closure:{closure:Illuminate\\Pipeline\\Pipeline::carry():194}:195}()
#38 D:\\gitProject\\salescrm\\vendor\\laravel\\framework\\src\\Illuminate\\Pipeline\\Pipeline.php(219): Illuminate\\View\\Middleware\\ShareErrorsFromSession->handle()
#39 D:\\gitProject\\salescrm\\vendor\\laravel\\framework\\src\\Illuminate\\Session\\Middleware\\StartSession.php(120): Illuminate\\Pipeline\\Pipeline->{closure:{closure:Illuminate\\Pipeline\\Pipeline::carry():194}:195}()
#40 D:\\gitProject\\salescrm\\vendor\\laravel\\framework\\src\\Illuminate\\Session\\Middleware\\StartSession.php(63): Illuminate\\Session\\Middleware\\StartSession->handleStatefulRequest()
#41 D:\\gitProject\\salescrm\\vendor\\laravel\\framework\\src\\Illuminate\\Pipeline\\Pipeline.php(219): Illuminate\\Session\\Middleware\\StartSession->handle()
#42 D:\\gitProject\\salescrm\\vendor\\laravel\\framework\\src\\Illuminate\\Cookie\\Middleware\\AddQueuedCookiesToResponse.php(36): Illuminate\\Pipeline\\Pipeline->{closure:{closure:Illuminate\\Pipeline\\Pipeline::carry():194}:195}()
#43 D:\\gitProject\\salescrm\\vendor\\laravel\\framework\\src\\Illuminate\\Pipeline\\Pipeline.php(219): Illuminate\\Cookie\\Middleware\\AddQueuedCookiesToResponse->handle()
#44 D:\\gitProject\\salescrm\\vendor\\laravel\\framework\\src\\Illuminate\\Cookie\\Middleware\\EncryptCookies.php(74): Illuminate\\Pipeline\\Pipeline->{closure:{closure:Illuminate\\Pipeline\\Pipeline::carry():194}:195}()
#45 D:\\gitProject\\salescrm\\vendor\\laravel\\framework\\src\\Illuminate\\Pipeline\\Pipeline.php(219): Illuminate\\Cookie\\Middleware\\EncryptCookies->handle()
#46 D:\\gitProject\\salescrm\\vendor\\laravel\\framework\\src\\Illuminate\\Pipeline\\Pipeline.php(137): Illuminate\\Pipeline\\Pipeline->{closure:{closure:Illuminate\\Pipeline\\Pipeline::carry():194}:195}()
#47 D:\\gitProject\\salescrm\\vendor\\laravel\\framework\\src\\Illuminate\\Routing\\Router.php(807): Illuminate\\Pipeline\\Pipeline->then()
#48 D:\\gitProject\\salescrm\\vendor\\laravel\\framework\\src\\Illuminate\\Routing\\Router.php(786): Illuminate\\Routing\\Router->runRouteWithinStack()
#49 D:\\gitProject\\salescrm\\vendor\\laravel\\framework\\src\\Illuminate\\Routing\\Router.php(750): Illuminate\\Routing\\Router->runRoute()
#50 D:\\gitProject\\salescrm\\vendor\\laravel\\framework\\src\\Illuminate\\Routing\\Router.php(739): Illuminate\\Routing\\Router->dispatchToRoute()
#51 D:\\gitProject\\salescrm\\vendor\\laravel\\framework\\src\\Illuminate\\Foundation\\Http\\Kernel.php(200): Illuminate\\Routing\\Router->dispatch()
#52 D:\\gitProject\\salescrm\\vendor\\laravel\\framework\\src\\Illuminate\\Pipeline\\Pipeline.php(180): Illuminate\\Foundation\\Http\\Kernel->{closure:Illuminate\\Foundation\\Http\\Kernel::dispatchToRouter():197}()
#53 D:\\gitProject\\salescrm\\vendor\\laravel\\framework\\src\\Illuminate\\Foundation\\Http\\Middleware\\TransformsRequest.php(21): Illuminate\\Pipeline\\Pipeline->{closure:Illuminate\\Pipeline\\Pipeline::prepareDestination():178}()
#54 D:\\gitProject\\salescrm\\vendor\\laravel\\framework\\src\\Illuminate\\Foundation\\Http\\Middleware\\ConvertEmptyStringsToNull.php(31): Illuminate\\Foundation\\Http\\Middleware\\TransformsRequest->handle()
#55 D:\\gitProject\\salescrm\\vendor\\laravel\\framework\\src\\Illuminate\\Pipeline\\Pipeline.php(219): Illuminate\\Foundation\\Http\\Middleware\\ConvertEmptyStringsToNull->handle()
#56 D:\\gitProject\\salescrm\\vendor\\laravel\\framework\\src\\Illuminate\\Foundation\\Http\\Middleware\\TransformsRequest.php(21): Illuminate\\Pipeline\\Pipeline->{closure:{closure:Illuminate\\Pipeline\\Pipeline::carry():194}:195}()
#57 D:\\gitProject\\salescrm\\vendor\\laravel\\framework\\src\\Illuminate\\Foundation\\Http\\Middleware\\TrimStrings.php(51): Illuminate\\Foundation\\Http\\Middleware\\TransformsRequest->handle()
#58 D:\\gitProject\\salescrm\\vendor\\laravel\\framework\\src\\Illuminate\\Pipeline\\Pipeline.php(219): Illuminate\\Foundation\\Http\\Middleware\\TrimStrings->handle()
#59 D:\\gitProject\\salescrm\\vendor\\laravel\\framework\\src\\Illuminate\\Http\\Middleware\\ValidatePostSize.php(27): Illuminate\\Pipeline\\Pipeline->{closure:{closure:Illuminate\\Pipeline\\Pipeline::carry():194}:195}()
#60 D:\\gitProject\\salescrm\\vendor\\laravel\\framework\\src\\Illuminate\\Pipeline\\Pipeline.php(219): Illuminate\\Http\\Middleware\\ValidatePostSize->handle()
#61 D:\\gitProject\\salescrm\\vendor\\laravel\\framework\\src\\Illuminate\\Foundation\\Http\\Middleware\\PreventRequestsDuringMaintenance.php(109): Illuminate\\Pipeline\\Pipeline->{closure:{closure:Illuminate\\Pipeline\\Pipeline::carry():194}:195}()
#62 D:\\gitProject\\salescrm\\vendor\\laravel\\framework\\src\\Illuminate\\Pipeline\\Pipeline.php(219): Illuminate\\Foundation\\Http\\Middleware\\PreventRequestsDuringMaintenance->handle()
#63 D:\\gitProject\\salescrm\\vendor\\laravel\\framework\\src\\Illuminate\\Http\\Middleware\\HandleCors.php(48): Illuminate\\Pipeline\\Pipeline->{closure:{closure:Illuminate\\Pipeline\\Pipeline::carry():194}:195}()
#64 D:\\gitProject\\salescrm\\vendor\\laravel\\framework\\src\\Illuminate\\Pipeline\\Pipeline.php(219): Illuminate\\Http\\Middleware\\HandleCors->handle()
#65 D:\\gitProject\\salescrm\\vendor\\laravel\\framework\\src\\Illuminate\\Http\\Middleware\\TrustProxies.php(58): Illuminate\\Pipeline\\Pipeline->{closure:{closure:Illuminate\\Pipeline\\Pipeline::carry():194}:195}()
#66 D:\\gitProject\\salescrm\\vendor\\laravel\\framework\\src\\Illuminate\\Pipeline\\Pipeline.php(219): Illuminate\\Http\\Middleware\\TrustProxies->handle()
#67 D:\\gitProject\\salescrm\\vendor\\laravel\\framework\\src\\Illuminate\\Foundation\\Http\\Middleware\\InvokeDeferredCallbacks.php(22): Illuminate\\Pipeline\\Pipeline->{closure:{closure:Illuminate\\Pipeline\\Pipeline::carry():194}:195}()
#68 D:\\gitProject\\salescrm\\vendor\\laravel\\framework\\src\\Illuminate\\Pipeline\\Pipeline.php(219): Illuminate\\Foundation\\Http\\Middleware\\InvokeDeferredCallbacks->handle()
#69 D:\\gitProject\\salescrm\\vendor\\laravel\\framework\\src\\Illuminate\\Http\\Middleware\\ValidatePathEncoding.php(26): Illuminate\\Pipeline\\Pipeline->{closure:{closure:Illuminate\\Pipeline\\Pipeline::carry():194}:195}()
#70 D:\\gitProject\\salescrm\\vendor\\laravel\\framework\\src\\Illuminate\\Pipeline\\Pipeline.php(219): Illuminate\\Http\\Middleware\\ValidatePathEncoding->handle()
#71 D:\\gitProject\\salescrm\\vendor\\laravel\\framework\\src\\Illuminate\\Pipeline\\Pipeline.php(137): Illuminate\\Pipeline\\Pipeline->{closure:{closure:Illuminate\\Pipeline\\Pipeline::carry():194}:195}()
#72 D:\\gitProject\\salescrm\\vendor\\laravel\\framework\\src\\Illuminate\\Foundation\\Http\\Kernel.php(175): Illuminate\\Pipeline\\Pipeline->then()
#73 D:\\gitProject\\salescrm\\vendor\\laravel\\framework\\src\\Illuminate\\Foundation\\Http\\Kernel.php(144): Illuminate\\Foundation\\Http\\Kernel->sendRequestThroughRouter()
#74 D:\\gitProject\\salescrm\\vendor\\laravel\\framework\\src\\Illuminate\\Foundation\\Application.php(1220): Illuminate\\Foundation\\Http\\Kernel->handle()
#75 D:\\gitProject\\salescrm\\public\\index.php(20): Illuminate\\Foundation\\Application->handleRequest()
#76 D:\\gitProject\\salescrm\\vendor\\laravel\\framework\\src\\Illuminate\\Foundation\\resources\\server.php(23): require_once('...')
#77 {main}

[previous exception] [object] (Illuminate\\Foundation\\ViteManifestNotFoundException(code: 0): Vite manifest not found at: D:\\gitProject\\salescrm\\public\\build/manifest.json at D:\\gitProject\\salescrm\\vendor\\laravel\\framework\\src\\Illuminate\\Foundation\\Vite.php:946)
[stacktrace]
#0 D:\\gitProject\\salescrm\\vendor\\laravel\\framework\\src\\Illuminate\\Foundation\\Vite.php(384): Illuminate\\Foundation\\Vite->manifest()
#1 D:\\gitProject\\salescrm\\storage\\framework\\views\\7255e1112c3dbc2a0e559ff41af423d7.php(57): Illuminate\\Foundation\\Vite->__invoke()
#2 D:\\gitProject\\salescrm\\vendor\\laravel\\framework\\src\\Illuminate\\Filesystem\\Filesystem.php(123): require('...')
#3 D:\\gitProject\\salescrm\\vendor\\laravel\\framework\\src\\Illuminate\\Filesystem\\Filesystem.php(124): Illuminate\\Filesystem\\Filesystem::{closure:Illuminate\\Filesystem\\Filesystem::getRequire():120}()
#4 D:\\gitProject\\salescrm\\vendor\\laravel\\framework\\src\\Illuminate\\View\\Engines\\PhpEngine.php(57): Illuminate\\Filesystem\\Filesystem->getRequire()
#5 D:\\gitProject\\salescrm\\vendor\\laravel\\framework\\src\\Illuminate\\View\\Engines\\CompilerEngine.php(76): Illuminate\\View\\Engines\\PhpEngine->evaluatePath()
#6 D:\\gitProject\\salescrm\\vendor\\laravel\\framework\\src\\Illuminate\\View\\View.php(208): Illuminate\\View\\Engines\\CompilerEngine->get()
#7 D:\\gitProject\\salescrm\\vendor\\laravel\\framework\\src\\Illuminate\\View\\View.php(191): Illuminate\\View\\View->getContents()
#8 D:\\gitProject\\salescrm\\vendor\\laravel\\framework\\src\\Illuminate\\View\\View.php(160): Illuminate\\View\\View->renderContents()
#9 D:\\gitProject\\salescrm\\vendor\\laravel\\framework\\src\\Illuminate\\Http\\Response.php(78): Illuminate\\View\\View->render()
#10 D:\\gitProject\\salescrm\\vendor\\laravel\\framework\\src\\Illuminate\\Http\\Response.php(34): Illuminate\\Http\\Response->setContent()
#11 D:\\gitProject\\salescrm\\vendor\\laravel\\framework\\src\\Illuminate\\Routing\\ResponseFactory.php(61): Illuminate\\Http\\Response->__construct()
#12 D:\\gitProject\\salescrm\\vendor\\laravel\\framework\\src\\Illuminate\\Routing\\ResponseFactory.php(91): Illuminate\\Routing\\ResponseFactory->make()
#13 D:\\gitProject\\salescrm\\vendor\\laravel\\framework\\src\\Illuminate\\Support\\Facades\\Facade.php(363): Illuminate\\Routing\\ResponseFactory->view()
#14 D:\\gitProject\\salescrm\\vendor\\inertiajs\\inertia-laravel\\src\\Response.php(217): Illuminate\\Support\\Facades\\Facade::__callStatic()
#15 D:\\gitProject\\salescrm\\vendor\\laravel\\framework\\src\\Illuminate\\Routing\\Router.php(902): Inertia\\Response->toResponse()
#16 D:\\gitProject\\salescrm\\vendor\\laravel\\framework\\src\\Illuminate\\Routing\\Router.php(887): Illuminate\\Routing\\Router::toResponse()
#17 D:\\gitProject\\salescrm\\vendor\\laravel\\framework\\src\\Illuminate\\Routing\\Router.php(807): Illuminate\\Routing\\Router->prepareResponse()
#18 D:\\gitProject\\salescrm\\vendor\\laravel\\framework\\src\\Illuminate\\Pipeline\\Pipeline.php(180): Illuminate\\Routing\\Router->{closure:Illuminate\\Routing\\Router::runRouteWithinStack():807}()
#19 D:\\gitProject\\salescrm\\app\\Http\\Middleware\\CheckPlanAccess.php(85): Illuminate\\Pipeline\\Pipeline->{closure:Illuminate\\Pipeline\\Pipeline::prepareDestination():178}()
#20 D:\\gitProject\\salescrm\\vendor\\laravel\\framework\\src\\Illuminate\\Pipeline\\Pipeline.php(219): App\\Http\\Middleware\\CheckPlanAccess->handle()
#21 D:\\gitProject\\salescrm\\app\\Http\\Middleware\\EnsureEmailIsVerified.php(22): Illuminate\\Pipeline\\Pipeline->{closure:{closure:Illuminate\\Pipeline\\Pipeline::carry():194}:195}()
#22 D:\\gitProject\\salescrm\\vendor\\laravel\\framework\\src\\Illuminate\\Pipeline\\Pipeline.php(219): App\\Http\\Middleware\\EnsureEmailIsVerified->handle()
#23 D:\\gitProject\\salescrm\\app\\Http\\Middleware\\DemoModeMiddleware.php(17): Illuminate\\Pipeline\\Pipeline->{closure:{closure:Illuminate\\Pipeline\\Pipeline::carry():194}:195}()
#24 D:\\gitProject\\salescrm\\vendor\\laravel\\framework\\src\\Illuminate\\Pipeline\\Pipeline.php(219): App\\Http\\Middleware\\DemoModeMiddleware->handle()
#25 D:\\gitProject\\salescrm\\vendor\\laravel\\framework\\src\\Illuminate\\Http\\Middleware\\AddLinkHeadersForPreloadedAssets.php(32): Illuminate\\Pipeline\\Pipeline->{closure:{closure:Illuminate\\Pipeline\\Pipeline::carry():194}:195}()
#26 D:\\gitProject\\salescrm\\vendor\\laravel\\framework\\src\\Illuminate\\Pipeline\\Pipeline.php(219): Illuminate\\Http\\Middleware\\AddLinkHeadersForPreloadedAssets->handle()
#27 D:\\gitProject\\salescrm\\vendor\\inertiajs\\inertia-laravel\\src\\Middleware.php(122): Illuminate\\Pipeline\\Pipeline->{closure:{closure:Illuminate\\Pipeline\\Pipeline::carry():194}:195}()
#28 D:\\gitProject\\salescrm\\vendor\\laravel\\framework\\src\\Illuminate\\Pipeline\\Pipeline.php(219): Inertia\\Middleware->handle()
#29 D:\\gitProject\\salescrm\\app\\Http\\Middleware\\ShareGlobalSettings.php(31): Illuminate\\Pipeline\\Pipeline->{closure:{closure:Illuminate\\Pipeline\\Pipeline::carry():194}:195}()
#30 D:\\gitProject\\salescrm\\vendor\\laravel\\framework\\src\\Illuminate\\Pipeline\\Pipeline.php(219): App\\Http\\Middleware\\ShareGlobalSettings->handle()
#31 D:\\gitProject\\salescrm\\app\\Http\\Middleware\\HandleAppearance.php(21): Illuminate\\Pipeline\\Pipeline->{closure:{closure:Illuminate\\Pipeline\\Pipeline::carry():194}:195}()
#32 D:\\gitProject\\salescrm\\vendor\\laravel\\framework\\src\\Illuminate\\Pipeline\\Pipeline.php(219): App\\Http\\Middleware\\HandleAppearance->handle()
#33 D:\\gitProject\\salescrm\\app\\Http\\Middleware\\CheckInstallation.php(41): Illuminate\\Pipeline\\Pipeline->{closure:{closure:Illuminate\\Pipeline\\Pipeline::carry():194}:195}()
#34 D:\\gitProject\\salescrm\\vendor\\laravel\\framework\\src\\Illuminate\\Pipeline\\Pipeline.php(219): App\\Http\\Middleware\\CheckInstallation->handle()
#35 D:\\gitProject\\salescrm\\vendor\\laravel\\framework\\src\\Illuminate\\Routing\\Middleware\\SubstituteBindings.php(50): Illuminate\\Pipeline\\Pipeline->{closure:{closure:Illuminate\\Pipeline\\Pipeline::carry():194}:195}()
#36 D:\\gitProject\\salescrm\\vendor\\laravel\\framework\\src\\Illuminate\\Pipeline\\Pipeline.php(219): Illuminate\\Routing\\Middleware\\SubstituteBindings->handle()
#37 D:\\gitProject\\salescrm\\vendor\\laravel\\framework\\src\\Illuminate\\Auth\\Middleware\\Authenticate.php(63): Illuminate\\Pipeline\\Pipeline->{closure:{closure:Illuminate\\Pipeline\\Pipeline::carry():194}:195}()
#38 D:\\gitProject\\salescrm\\vendor\\laravel\\framework\\src\\Illuminate\\Pipeline\\Pipeline.php(219): Illuminate\\Auth\\Middleware\\Authenticate->handle()
#39 D:\\gitProject\\salescrm\\vendor\\laravel\\framework\\src\\Illuminate\\Foundation\\Http\\Middleware\\VerifyCsrfToken.php(87): Illuminate\\Pipeline\\Pipeline->{closure:{closure:Illuminate\\Pipeline\\Pipeline::carry():194}:195}()
#40 D:\\gitProject\\salescrm\\vendor\\laravel\\framework\\src\\Illuminate\\Pipeline\\Pipeline.php(219): Illuminate\\Foundation\\Http\\Middleware\\VerifyCsrfToken->handle()
#41 D:\\gitProject\\salescrm\\vendor\\laravel\\framework\\src\\Illuminate\\View\\Middleware\\ShareErrorsFromSession.php(48): Illuminate\\Pipeline\\Pipeline->{closure:{closure:Illuminate\\Pipeline\\Pipeline::carry():194}:195}()
#42 D:\\gitProject\\salescrm\\vendor\\laravel\\framework\\src\\Illuminate\\Pipeline\\Pipeline.php(219): Illuminate\\View\\Middleware\\ShareErrorsFromSession->handle()
#43 D:\\gitProject\\salescrm\\vendor\\laravel\\framework\\src\\Illuminate\\Session\\Middleware\\StartSession.php(120): Illuminate\\Pipeline\\Pipeline->{closure:{closure:Illuminate\\Pipeline\\Pipeline::carry():194}:195}()
#44 D:\\gitProject\\salescrm\\vendor\\laravel\\framework\\src\\Illuminate\\Session\\Middleware\\StartSession.php(63): Illuminate\\Session\\Middleware\\StartSession->handleStatefulRequest()
#45 D:\\gitProject\\salescrm\\vendor\\laravel\\framework\\src\\Illuminate\\Pipeline\\Pipeline.php(219): Illuminate\\Session\\Middleware\\StartSession->handle()
#46 D:\\gitProject\\salescrm\\vendor\\laravel\\framework\\src\\Illuminate\\Cookie\\Middleware\\AddQueuedCookiesToResponse.php(36): Illuminate\\Pipeline\\Pipeline->{closure:{closure:Illuminate\\Pipeline\\Pipeline::carry():194}:195}()
#47 D:\\gitProject\\salescrm\\vendor\\laravel\\framework\\src\\Illuminate\\Pipeline\\Pipeline.php(219): Illuminate\\Cookie\\Middleware\\AddQueuedCookiesToResponse->handle()
#48 D:\\gitProject\\salescrm\\vendor\\laravel\\framework\\src\\Illuminate\\Cookie\\Middleware\\EncryptCookies.php(74): Illuminate\\Pipeline\\Pipeline->{closure:{closure:Illuminate\\Pipeline\\Pipeline::carry():194}:195}()
#49 D:\\gitProject\\salescrm\\vendor\\laravel\\framework\\src\\Illuminate\\Pipeline\\Pipeline.php(219): Illuminate\\Cookie\\Middleware\\EncryptCookies->handle()
#50 D:\\gitProject\\salescrm\\vendor\\laravel\\framework\\src\\Illuminate\\Pipeline\\Pipeline.php(137): Illuminate\\Pipeline\\Pipeline->{closure:{closure:Illuminate\\Pipeline\\Pipeline::carry():194}:195}()
#51 D:\\gitProject\\salescrm\\vendor\\laravel\\framework\\src\\Illuminate\\Routing\\Router.php(807): Illuminate\\Pipeline\\Pipeline->then()
#52 D:\\gitProject\\salescrm\\vendor\\laravel\\framework\\src\\Illuminate\\Routing\\Router.php(786): Illuminate\\Routing\\Router->runRouteWithinStack()
#53 D:\\gitProject\\salescrm\\vendor\\laravel\\framework\\src\\Illuminate\\Routing\\Router.php(750): Illuminate\\Routing\\Router->runRoute()
#54 D:\\gitProject\\salescrm\\vendor\\laravel\\framework\\src\\Illuminate\\Routing\\Router.php(739): Illuminate\\Routing\\Router->dispatchToRoute()
#55 D:\\gitProject\\salescrm\\vendor\\laravel\\framework\\src\\Illuminate\\Foundation\\Http\\Kernel.php(200): Illuminate\\Routing\\Router->dispatch()
#56 D:\\gitProject\\salescrm\\vendor\\laravel\\framework\\src\\Illuminate\\Pipeline\\Pipeline.php(180): Illuminate\\Foundation\\Http\\Kernel->{closure:Illuminate\\Foundation\\Http\\Kernel::dispatchToRouter():197}()
#57 D:\\gitProject\\salescrm\\vendor\\laravel\\framework\\src\\Illuminate\\Foundation\\Http\\Middleware\\TransformsRequest.php(21): Illuminate\\Pipeline\\Pipeline->{closure:Illuminate\\Pipeline\\Pipeline::prepareDestination():178}()
#58 D:\\gitProject\\salescrm\\vendor\\laravel\\framework\\src\\Illuminate\\Foundation\\Http\\Middleware\\ConvertEmptyStringsToNull.php(31): Illuminate\\Foundation\\Http\\Middleware\\TransformsRequest->handle()
#59 D:\\gitProject\\salescrm\\vendor\\laravel\\framework\\src\\Illuminate\\Pipeline\\Pipeline.php(219): Illuminate\\Foundation\\Http\\Middleware\\ConvertEmptyStringsToNull->handle()
#60 D:\\gitProject\\salescrm\\vendor\\laravel\\framework\\src\\Illuminate\\Foundation\\Http\\Middleware\\TransformsRequest.php(21): Illuminate\\Pipeline\\Pipeline->{closure:{closure:Illuminate\\Pipeline\\Pipeline::carry():194}:195}()
#61 D:\\gitProject\\salescrm\\vendor\\laravel\\framework\\src\\Illuminate\\Foundation\\Http\\Middleware\\TrimStrings.php(51): Illuminate\\Foundation\\Http\\Middleware\\TransformsRequest->handle()
#62 D:\\gitProject\\salescrm\\vendor\\laravel\\framework\\src\\Illuminate\\Pipeline\\Pipeline.php(219): Illuminate\\Foundation\\Http\\Middleware\\TrimStrings->handle()
#63 D:\\gitProject\\salescrm\\vendor\\laravel\\framework\\src\\Illuminate\\Http\\Middleware\\ValidatePostSize.php(27): Illuminate\\Pipeline\\Pipeline->{closure:{closure:Illuminate\\Pipeline\\Pipeline::carry():194}:195}()
#64 D:\\gitProject\\salescrm\\vendor\\laravel\\framework\\src\\Illuminate\\Pipeline\\Pipeline.php(219): Illuminate\\Http\\Middleware\\ValidatePostSize->handle()
#65 D:\\gitProject\\salescrm\\vendor\\laravel\\framework\\src\\Illuminate\\Foundation\\Http\\Middleware\\PreventRequestsDuringMaintenance.php(109): Illuminate\\Pipeline\\Pipeline->{closure:{closure:Illuminate\\Pipeline\\Pipeline::carry():194}:195}()
#66 D:\\gitProject\\salescrm\\vendor\\laravel\\framework\\src\\Illuminate\\Pipeline\\Pipeline.php(219): Illuminate\\Foundation\\Http\\Middleware\\PreventRequestsDuringMaintenance->handle()
#67 D:\\gitProject\\salescrm\\vendor\\laravel\\framework\\src\\Illuminate\\Http\\Middleware\\HandleCors.php(48): Illuminate\\Pipeline\\Pipeline->{closure:{closure:Illuminate\\Pipeline\\Pipeline::carry():194}:195}()
#68 D:\\gitProject\\salescrm\\vendor\\laravel\\framework\\src\\Illuminate\\Pipeline\\Pipeline.php(219): Illuminate\\Http\\Middleware\\HandleCors->handle()
#69 D:\\gitProject\\salescrm\\vendor\\laravel\\framework\\src\\Illuminate\\Http\\Middleware\\TrustProxies.php(58): Illuminate\\Pipeline\\Pipeline->{closure:{closure:Illuminate\\Pipeline\\Pipeline::carry():194}:195}()
#70 D:\\gitProject\\salescrm\\vendor\\laravel\\framework\\src\\Illuminate\\Pipeline\\Pipeline.php(219): Illuminate\\Http\\Middleware\\TrustProxies->handle()
#71 D:\\gitProject\\salescrm\\vendor\\laravel\\framework\\src\\Illuminate\\Foundation\\Http\\Middleware\\InvokeDeferredCallbacks.php(22): Illuminate\\Pipeline\\Pipeline->{closure:{closure:Illuminate\\Pipeline\\Pipeline::carry():194}:195}()
#72 D:\\gitProject\\salescrm\\vendor\\laravel\\framework\\src\\Illuminate\\Pipeline\\Pipeline.php(219): Illuminate\\Foundation\\Http\\Middleware\\InvokeDeferredCallbacks->handle()
#73 D:\\gitProject\\salescrm\\vendor\\laravel\\framework\\src\\Illuminate\\Http\\Middleware\\ValidatePathEncoding.php(26): Illuminate\\Pipeline\\Pipeline->{closure:{closure:Illuminate\\Pipeline\\Pipeline::carry():194}:195}()
#74 D:\\gitProject\\salescrm\\vendor\\laravel\\framework\\src\\Illuminate\\Pipeline\\Pipeline.php(219): Illuminate\\Http\\Middleware\\ValidatePathEncoding->handle()
#75 D:\\gitProject\\salescrm\\vendor\\laravel\\framework\\src\\Illuminate\\Pipeline\\Pipeline.php(137): Illuminate\\Pipeline\\Pipeline->{closure:{closure:Illuminate\\Pipeline\\Pipeline::carry():194}:195}()
#76 D:\\gitProject\\salescrm\\vendor\\laravel\\framework\\src\\Illuminate\\Foundation\\Http\\Kernel.php(175): Illuminate\\Pipeline\\Pipeline->then()
#77 D:\\gitProject\\salescrm\\vendor\\laravel\\framework\\src\\Illuminate\\Foundation\\Http\\Kernel.php(144): Illuminate\\Foundation\\Http\\Kernel->sendRequestThroughRouter()
#78 D:\\gitProject\\salescrm\\vendor\\laravel\\framework\\src\\Illuminate\\Foundation\\Application.php(1220): Illuminate\\Foundation\\Http\\Kernel->handle()
#79 D:\\gitProject\\salescrm\\public\\index.php(20): Illuminate\\Foundation\\Application->handleRequest()
#80 D:\\gitProject\\salescrm\\vendor\\laravel\\framework\\src\\Illuminate\\Foundation\\resources\\server.php(23): require_once('...')
#81 {main}
"} 
[2026-10-03 06:19:12] local.ERROR: Maximum execution time of 30 seconds exceeded {"userId":4,"exception":"[object] (Symfony\\Component\\ErrorHandler\\Error\\FatalError(code: 0): Maximum execution time of 30 seconds exceeded at D:\\gitProject\\salescrm\\vendor\\laravel\\framework\\src\\Illuminate\\Foundation\\Exceptions\\Renderer\\Exception.php:118)
[stacktrace]
#0 {main}
"} 
[2026-10-03 06:19:57] local.INFO: Storage settings loaded {"user_id":1,"settings":{"aws_access_key_id":"","aws_bucket":"","aws_default_region":"us-east-1","aws_endpoint":"","aws_secret_access_key":"","aws_url":"","storage_file_types":"jpg,png,webp,gif,pdf,doc,docx,txt,csv","storage_max_upload_size":"2048","storage_type":"local","wasabi_access_key":"","wasabi_bucket":"","wasabi_region":"us-east-1","wasabi_root":"","wasabi_secret_key":"","wasabi_url":""}} 
[2026-10-03 06:19:57] local.INFO: Impersonation ended {"timestamp":"2026-10-03 06:19:57"} 
[2026-10-03 06:35:34] local.INFO: Storage settings loaded {"user_id":1,"settings":{"aws_access_key_id":"","aws_bucket":"","aws_default_region":"us-east-1","aws_endpoint":"","aws_secret_access_key":"","aws_url":"","storage_file_types":"jpg,png,webp,gif,pdf,doc,docx,txt,csv","storage_max_upload_size":"2048","storage_type":"local","wasabi_access_key":"","wasabi_bucket":"","wasabi_region":"us-east-1","wasabi_root":"","wasabi_secret_key":"","wasabi_url":""}} 
[2026-10-03 06:36:03] local.INFO: Impersonation started {"acting_user_id":1,"impersonated_user_id":"4","ip_address":"127.0.0.1","timestamp":"2026-10-03 06:36:03"} 
[2026-10-03 06:40:40] local.INFO: Storage settings loaded {"user_id":1,"settings":{"aws_access_key_id":"","aws_bucket":"","aws_default_region":"us-east-1","aws_endpoint":"","aws_secret_access_key":"","aws_url":"","storage_file_types":"jpg,png,webp,gif,pdf,doc,docx,txt,csv","storage_max_upload_size":"2048","storage_type":"local","wasabi_access_key":"","wasabi_bucket":"","wasabi_region":"us-east-1","wasabi_root":"","wasabi_secret_key":"","wasabi_url":""}} 
[2026-10-03 06:45:41] local.INFO: Storage settings loaded {"user_id":1,"settings":{"aws_access_key_id":"","aws_bucket":"","aws_default_region":"us-east-1","aws_endpoint":"","aws_secret_access_key":"","aws_url":"","storage_file_types":"jpg,png,webp,gif,pdf,doc,docx,txt,csv","storage_max_upload_size":"2048","storage_type":"local","wasabi_access_key":"","wasabi_bucket":"","wasabi_region":"us-east-1","wasabi_root":"","wasabi_secret_key":"","wasabi_url":""}} 
[2026-10-03 06:53:35] local.INFO: Storage settings loaded {"user_id":1,"settings":{"aws_access_key_id":"","aws_bucket":"","aws_default_region":"us-east-1","aws_endpoint":"","aws_secret_access_key":"","aws_url":"","storage_file_types":"jpg,png,webp,gif,pdf,doc,docx,txt,csv","storage_max_upload_size":"2048","storage_type":"local","wasabi_access_key":"","wasabi_bucket":"","wasabi_region":"us-east-1","wasabi_root":"","wasabi_secret_key":"","wasabi_url":""}} 
[2026-10-03 07:09:25] local.INFO: Storage settings loaded {"user_id":1,"settings":{"aws_access_key_id":"","aws_bucket":"","aws_default_region":"us-east-1","aws_endpoint":"","aws_secret_access_key":"","aws_url":"","storage_file_types":"jpg,png,webp,gif,pdf,doc,docx,txt,csv","storage_max_upload_size":"2048","storage_type":"local","wasabi_access_key":"","wasabi_bucket":"","wasabi_region":"us-east-1","wasabi_root":"","wasabi_secret_key":"","wasabi_url":""}} 
[2026-10-03 07:14:28] local.INFO: Storage settings loaded {"user_id":1,"settings":{"aws_access_key_id":"","aws_bucket":"","aws_default_region":"us-east-1","aws_endpoint":"","aws_secret_access_key":"","aws_url":"","storage_file_types":"jpg,png,webp,gif,pdf,doc,docx,txt,csv","storage_max_upload_size":"2048","storage_type":"local","wasabi_access_key":"","wasabi_bucket":"","wasabi_region":"us-east-1","wasabi_root":"","wasabi_secret_key":"","wasabi_url":""}} 
[2026-10-03 07:19:29] local.INFO: Storage settings loaded {"user_id":1,"settings":{"aws_access_key_id":"","aws_bucket":"","aws_default_region":"us-east-1","aws_endpoint":"","aws_secret_access_key":"","aws_url":"","storage_file_types":"jpg,png,webp,gif,pdf,doc,docx,txt,csv","storage_max_upload_size":"2048","storage_type":"local","wasabi_access_key":"","wasabi_bucket":"","wasabi_region":"us-east-1","wasabi_root":"","wasabi_secret_key":"","wasabi_url":""}} 
[2026-10-03 07:24:35] local.INFO: Storage settings loaded {"user_id":1,"settings":{"aws_access_key_id":"","aws_bucket":"","aws_default_region":"us-east-1","aws_endpoint":"","aws_secret_access_key":"","aws_url":"","storage_file_types":"jpg,png,webp,gif,pdf,doc,docx,txt,csv","storage_max_upload_size":"2048","storage_type":"local","wasabi_access_key":"","wasabi_bucket":"","wasabi_region":"us-east-1","wasabi_root":"","wasabi_secret_key":"","wasabi_url":""}} 
[2026-10-03 07:27:45] local.INFO: Impersonation ended {"timestamp":"2026-10-03 07:27:45"} 
[2026-10-03 07:29:40] local.INFO: Storage settings loaded {"user_id":1,"settings":{"aws_access_key_id":"","aws_bucket":"","aws_default_region":"us-east-1","aws_endpoint":"","aws_secret_access_key":"","aws_url":"","storage_file_types":"jpg,png,webp,gif,pdf,doc,docx,txt,csv","storage_max_upload_size":"2048","storage_type":"local","wasabi_access_key":"","wasabi_bucket":"","wasabi_region":"us-east-1","wasabi_root":"","wasabi_secret_key":"","wasabi_url":""}} 
[2026-10-03 07:32:03] local.ERROR: Undefined variable $isAdmin {"userId":8,"exception":"[object] (ErrorException(code: 0): Undefined variable $isAdmin at D:\\gitProject\\salescrm\\app\\Http\\Controllers\\DashboardController.php:873)
[stacktrace]
#0 D:\\gitProject\\salescrm\\vendor\\laravel\\framework\\src\\Illuminate\\Foundation\\Bootstrap\\HandleExceptions.php(258): Illuminate\\Foundation\\Bootstrap\\HandleExceptions->handleError()
#1 D:\\gitProject\\salescrm\\app\\Http\\Controllers\\DashboardController.php(873): Illuminate\\Foundation\\Bootstrap\\HandleExceptions->{closure:Illuminate\\Foundation\\Bootstrap\\HandleExceptions::forwardsTo():257}()
#2 D:\\gitProject\\salescrm\\app\\Http\\Controllers\\DashboardController.php(112): App\\Http\\Controllers\\DashboardController->renderCompanyDashboard()
#3 D:\\gitProject\\salescrm\\app\\Http\\Controllers\\DashboardController.php(65): App\\Http\\Controllers\\DashboardController->renderDashboard()
#4 D:\\gitProject\\salescrm\\vendor\\laravel\\framework\\src\\Illuminate\\Routing\\ControllerDispatcher.php(46): App\\Http\\Controllers\\DashboardController->index()
#5 D:\\gitProject\\salescrm\\vendor\\laravel\\framework\\src\\Illuminate\\Routing\\Route.php(265): Illuminate\\Routing\\ControllerDispatcher->dispatch()
#6 D:\\gitProject\\salescrm\\vendor\\laravel\\framework\\src\\Illuminate\\Routing\\Route.php(211): Illuminate\\Routing\\Route->runController()
#7 D:\\gitProject\\salescrm\\vendor\\laravel\\framework\\src\\Illuminate\\Routing\\Router.php(808): Illuminate\\Routing\\Route->run()
#8 D:\\gitProject\\salescrm\\vendor\\laravel\\framework\\src\\Illuminate\\Pipeline\\Pipeline.php(180): Illuminate\\Routing\\Router->{closure:Illuminate\\Routing\\Router::runRouteWithinStack():807}()
#9 D:\\gitProject\\salescrm\\app\\Http\\Middleware\\CheckPlanAccess.php(85): Illuminate\\Pipeline\\Pipeline->{closure:Illuminate\\Pipeline\\Pipeline::prepareDestination():178}()
#10 D:\\gitProject\\salescrm\\vendor\\laravel\\framework\\src\\Illuminate\\Pipeline\\Pipeline.php(219): App\\Http\\Middleware\\CheckPlanAccess->handle()
#11 D:\\gitProject\\salescrm\\app\\Http\\Middleware\\EnsureEmailIsVerified.php(22): Illuminate\\Pipeline\\Pipeline->{closure:{closure:Illuminate\\Pipeline\\Pipeline::carry():194}:195}()
#12 D:\\gitProject\\salescrm\\vendor\\laravel\\framework\\src\\Illuminate\\Pipeline\\Pipeline.php(219): App\\Http\\Middleware\\EnsureEmailIsVerified->handle()
#13 D:\\gitProject\\salescrm\\app\\Http\\Middleware\\DemoModeMiddleware.php(17): Illuminate\\Pipeline\\Pipeline->{closure:{closure:Illuminate\\Pipeline\\Pipeline::carry():194}:195}()
#14 D:\\gitProject\\salescrm\\vendor\\laravel\\framework\\src\\Illuminate\\Pipeline\\Pipeline.php(219): App\\Http\\Middleware\\DemoModeMiddleware->handle()
#15 D:\\gitProject\\salescrm\\vendor\\laravel\\framework\\src\\Illuminate\\Http\\Middleware\\AddLinkHeadersForPreloadedAssets.php(32): Illuminate\\Pipeline\\Pipeline->{closure:{closure:Illuminate\\Pipeline\\Pipeline::carry():194}:195}()
#16 D:\\gitProject\\salescrm\\vendor\\laravel\\framework\\src\\Illuminate\\Pipeline\\Pipeline.php(219): Illuminate\\Http\\Middleware\\AddLinkHeadersForPreloadedAssets->handle()
#17 D:\\gitProject\\salescrm\\vendor\\inertiajs\\inertia-laravel\\src\\Middleware.php(122): Illuminate\\Pipeline\\Pipeline->{closure:{closure:Illuminate\\Pipeline\\Pipeline::carry():194}:195}()
#18 D:\\gitProject\\salescrm\\vendor\\laravel\\framework\\src\\Illuminate\\Pipeline\\Pipeline.php(219): Inertia\\Middleware->handle()
#19 D:\\gitProject\\salescrm\\app\\Http\\Middleware\\ShareGlobalSettings.php(31): Illuminate\\Pipeline\\Pipeline->{closure:{closure:Illuminate\\Pipeline\\Pipeline::carry():194}:195}()
#20 D:\\gitProject\\salescrm\\vendor\\laravel\\framework\\src\\Illuminate\\Pipeline\\Pipeline.php(219): App\\Http\\Middleware\\ShareGlobalSettings->handle()
#21 D:\\gitProject\\salescrm\\app\\Http\\Middleware\\HandleAppearance.php(21): Illuminate\\Pipeline\\Pipeline->{closure:{closure:Illuminate\\Pipeline\\Pipeline::carry():194}:195}()
#22 D:\\gitProject\\salescrm\\vendor\\laravel\\framework\\src\\Illuminate\\Pipeline\\Pipeline.php(219): App\\Http\\Middleware\\HandleAppearance->handle()
#23 D:\\gitProject\\salescrm\\app\\Http\\Middleware\\CheckInstallation.php(41): Illuminate\\Pipeline\\Pipeline->{closure:{closure:Illuminate\\Pipeline\\Pipeline::carry():194}:195}()
#24 D:\\gitProject\\salescrm\\vendor\\laravel\\framework\\src\\Illuminate\\Pipeline\\Pipeline.php(219): App\\Http\\Middleware\\CheckInstallation->handle()
#25 D:\\gitProject\\salescrm\\vendor\\laravel\\framework\\src\\Illuminate\\Routing\\Middleware\\SubstituteBindings.php(50): Illuminate\\Pipeline\\Pipeline->{closure:{closure:Illuminate\\Pipeline\\Pipeline::carry():194}:195}()
#26 D:\\gitProject\\salescrm\\vendor\\laravel\\framework\\src\\Illuminate\\Pipeline\\Pipeline.php(219): Illuminate\\Routing\\Middleware\\SubstituteBindings->handle()
#27 D:\\gitProject\\salescrm\\vendor\\laravel\\framework\\src\\Illuminate\\Auth\\Middleware\\Authenticate.php(63): Illuminate\\Pipeline\\Pipeline->{closure:{closure:Illuminate\\Pipeline\\Pipeline::carry():194}:195}()
#28 D:\\gitProject\\salescrm\\vendor\\laravel\\framework\\src\\Illuminate\\Pipeline\\Pipeline.php(219): Illuminate\\Auth\\Middleware\\Authenticate->handle()
#29 D:\\gitProject\\salescrm\\vendor\\laravel\\framework\\src\\Illuminate\\Foundation\\Http\\Middleware\\VerifyCsrfToken.php(87): Illuminate\\Pipeline\\Pipeline->{closure:{closure:Illuminate\\Pipeline\\Pipeline::carry():194}:195}()
#30 D:\\gitProject\\salescrm\\vendor\\laravel\\framework\\src\\Illuminate\\Pipeline\\Pipeline.php(219): Illuminate\\Foundation\\Http\\Middleware\\VerifyCsrfToken->handle()
#31 D:\\gitProject\\salescrm\\vendor\\laravel\\framework\\src\\Illuminate\\View\\Middleware\\ShareErrorsFromSession.php(48): Illuminate\\Pipeline\\Pipeline->{closure:{closure:Illuminate\\Pipeline\\Pipeline::carry():194}:195}()
#32 D:\\gitProject\\salescrm\\vendor\\laravel\\framework\\src\\Illuminate\\Pipeline\\Pipeline.php(219): Illuminate\\View\\Middleware\\ShareErrorsFromSession->handle()
#33 D:\\gitProject\\salescrm\\vendor\\laravel\\framework\\src\\Illuminate\\Session\\Middleware\\StartSession.php(120): Illuminate\\Pipeline\\Pipeline->{closure:{closure:Illuminate\\Pipeline\\Pipeline::carry():194}:195}()
#34 D:\\gitProject\\salescrm\\vendor\\laravel\\framework\\src\\Illuminate\\Session\\Middleware\\StartSession.php(63): Illuminate\\Session\\Middleware\\StartSession->handleStatefulRequest()
#35 D:\\gitProject\\salescrm\\vendor\\laravel\\framework\\src\\Illuminate\\Pipeline\\Pipeline.php(219): Illuminate\\Session\\Middleware\\StartSession->handle()
#36 D:\\gitProject\\salescrm\\vendor\\laravel\\framework\\src\\Illuminate\\Cookie\\Middleware\\AddQueuedCookiesToResponse.php(36): Illuminate\\Pipeline\\Pipeline->{closure:{closure:Illuminate\\Pipeline\\Pipeline::carry():194}:195}()
#37 D:\\gitProject\\salescrm\\vendor\\laravel\\framework\\src\\Illuminate\\Pipeline\\Pipeline.php(219): Illuminate\\Cookie\\Middleware\\AddQueuedCookiesToResponse->handle()
#38 D:\\gitProject\\salescrm\\vendor\\laravel\\framework\\src\\Illuminate\\Cookie\\Middleware\\EncryptCookies.php(74): Illuminate\\Pipeline\\Pipeline->{closure:{closure:Illuminate\\Pipeline\\Pipeline::carry():194}:195}()
#39 D:\\gitProject\\salescrm\\vendor\\laravel\\framework\\src\\Illuminate\\Pipeline\\Pipeline.php(219): Illuminate\\Cookie\\Middleware\\EncryptCookies->handle()
#40 D:\\gitProject\\salescrm\\vendor\\laravel\\framework\\src\\Illuminate\\Pipeline\\Pipeline.php(137): Illuminate\\Pipeline\\Pipeline->{closure:{closure:Illuminate\\Pipeline\\Pipeline::carry():194}:195}()
#41 D:\\gitProject\\salescrm\\vendor\\laravel\\framework\\src\\Illuminate\\Routing\\Router.php(807): Illuminate\\Pipeline\\Pipeline->then()
#42 D:\\gitProject\\salescrm\\vendor\\laravel\\framework\\src\\Illuminate\\Routing\\Router.php(786): Illuminate\\Routing\\Router->runRouteWithinStack()
#43 D:\\gitProject\\salescrm\\vendor\\laravel\\framework\\src\\Illuminate\\Routing\\Router.php(750): Illuminate\\Routing\\Router->runRoute()
#44 D:\\gitProject\\salescrm\\vendor\\laravel\\framework\\src\\Illuminate\\Routing\\Router.php(739): Illuminate\\Routing\\Router->dispatchToRoute()
#45 D:\\gitProject\\salescrm\\vendor\\laravel\\framework\\src\\Illuminate\\Foundation\\Http\\Kernel.php(200): Illuminate\\Routing\\Router->dispatch()
#46 D:\\gitProject\\salescrm\\vendor\\laravel\\framework\\src\\Illuminate\\Pipeline\\Pipeline.php(180): Illuminate\\Foundation\\Http\\Kernel->{closure:Illuminate\\Foundation\\Http\\Kernel::dispatchToRouter():197}()
#47 D:\\gitProject\\salescrm\\vendor\\laravel\\framework\\src\\Illuminate\\Foundation\\Http\\Middleware\\TransformsRequest.php(21): Illuminate\\Pipeline\\Pipeline->{closure:Illuminate\\Pipeline\\Pipeline::prepareDestination():178}()
#48 D:\\gitProject\\salescrm\\vendor\\laravel\\framework\\src\\Illuminate\\Foundation\\Http\\Middleware\\ConvertEmptyStringsToNull.php(31): Illuminate\\Foundation\\Http\\Middleware\\TransformsRequest->handle()
#49 D:\\gitProject\\salescrm\\vendor\\laravel\\framework\\src\\Illuminate\\Pipeline\\Pipeline.php(219): Illuminate\\Foundation\\Http\\Middleware\\ConvertEmptyStringsToNull->handle()
#50 D:\\gitProject\\salescrm\\vendor\\laravel\\framework\\src\\Illuminate\\Foundation\\Http\\Middleware\\TransformsRequest.php(21): Illuminate\\Pipeline\\Pipeline->{closure:{closure:Illuminate\\Pipeline\\Pipeline::carry():194}:195}()
#51 D:\\gitProject\\salescrm\\vendor\\laravel\\framework\\src\\Illuminate\\Foundation\\Http\\Middleware\\TrimStrings.php(51): Illuminate\\Foundation\\Http\\Middleware\\TransformsRequest->handle()
#52 D:\\gitProject\\salescrm\\vendor\\laravel\\framework\\src\\Illuminate\\Pipeline\\Pipeline.php(219): Illuminate\\Foundation\\Http\\Middleware\\TrimStrings->handle()
#53 D:\\gitProject\\salescrm\\vendor\\laravel\\framework\\src\\Illuminate\\Http\\Middleware\\ValidatePostSize.php(27): Illuminate\\Pipeline\\Pipeline->{closure:{closure:Illuminate\\Pipeline\\Pipeline::carry():194}:195}()
#54 D:\\gitProject\\salescrm\\vendor\\laravel\\framework\\src\\Illuminate\\Pipeline\\Pipeline.php(219): Illuminate\\Http\\Middleware\\ValidatePostSize->handle()
#55 D:\\gitProject\\salescrm\\vendor\\laravel\\framework\\src\\Illuminate\\Foundation\\Http\\Middleware\\PreventRequestsDuringMaintenance.php(109): Illuminate\\Pipeline\\Pipeline->{closure:{closure:Illuminate\\Pipeline\\Pipeline::carry():194}:195}()
#56 D:\\gitProject\\salescrm\\vendor\\laravel\\framework\\src\\Illuminate\\Pipeline\\Pipeline.php(219): Illuminate\\Foundation\\Http\\Middleware\\PreventRequestsDuringMaintenance->handle()
#57 D:\\gitProject\\salescrm\\vendor\\laravel\\framework\\src\\Illuminate\\Http\\Middleware\\HandleCors.php(48): Illuminate\\Pipeline\\Pipeline->{closure:{closure:Illuminate\\Pipeline\\Pipeline::carry():194}:195}()
#58 D:\\gitProject\\salescrm\\vendor\\laravel\\framework\\src\\Illuminate\\Pipeline\\Pipeline.php(219): Illuminate\\Http\\Middleware\\HandleCors->handle()
#59 D:\\gitProject\\salescrm\\vendor\\laravel\\framework\\src\\Illuminate\\Http\\Middleware\\TrustProxies.php(58): Illuminate\\Pipeline\\Pipeline->{closure:{closure:Illuminate\\Pipeline\\Pipeline::carry():194}:195}()
#60 D:\\gitProject\\salescrm\\vendor\\laravel\\framework\\src\\Illuminate\\Pipeline\\Pipeline.php(219): Illuminate\\Http\\Middleware\\TrustProxies->handle()
#61 D:\\gitProject\\salescrm\\vendor\\laravel\\framework\\src\\Illuminate\\Foundation\\Http\\Middleware\\InvokeDeferredCallbacks.php(22): Illuminate\\Pipeline\\Pipeline->{closure:{closure:Illuminate\\Pipeline\\Pipeline::carry():194}:195}()
#62 D:\\gitProject\\salescrm\\vendor\\laravel\\framework\\src\\Illuminate\\Pipeline\\Pipeline.php(219): Illuminate\\Foundation\\Http\\Middleware\\InvokeDeferredCallbacks->handle()
#63 D:\\gitProject\\salescrm\\vendor\\laravel\\framework\\src\\Illuminate\\Http\\Middleware\\ValidatePathEncoding.php(26): Illuminate\\Pipeline\\Pipeline->{closure:{closure:Illuminate\\Pipeline\\Pipeline::carry():194}:195}()
#64 D:\\gitProject\\salescrm\\vendor\\laravel\\framework\\src\\Illuminate\\Pipeline\\Pipeline.php(219): Illuminate\\Http\\Middleware\\ValidatePathEncoding->handle()
#65 D:\\gitProject\\salescrm\\vendor\\laravel\\framework\\src\\Illuminate\\Pipeline\\Pipeline.php(137): Illuminate\\Pipeline\\Pipeline->{closure:{closure:Illuminate\\Pipeline\\Pipeline::carry():194}:195}()
#66 D:\\gitProject\\salescrm\\vendor\\laravel\\framework\\src\\Illuminate\\Foundation\\Http\\Kernel.php(175): Illuminate\\Pipeline\\Pipeline->then()
#67 D:\\gitProject\\salescrm\\vendor\\laravel\\framework\\src\\Illuminate\\Foundation\\Http\\Kernel.php(144): Illuminate\\Foundation\\Http\\Kernel->sendRequestThroughRouter()
#68 D:\\gitProject\\salescrm\\vendor\\laravel\\framework\\src\\Illuminate\\Foundation\\Application.php(1220): Illuminate\\Foundation\\Http\\Kernel->handle()
#69 D:\\gitProject\\salescrm\\public\\index.php(20): Illuminate\\Foundation\\Application->handleRequest()
#70 D:\\gitProject\\salescrm\\vendor\\laravel\\framework\\src\\Illuminate\\Foundation\\resources\\server.php(23): require_once('...')
#71 {main}
"} 
[2026-10-03 07:32:40] local.ERROR: Undefined variable $isAdmin {"userId":8,"exception":"[object] (ErrorException(code: 0): Undefined variable $isAdmin at D:\\gitProject\\salescrm\\app\\Http\\Controllers\\DashboardController.php:873)
[stacktrace]
#0 D:\\gitProject\\salescrm\\vendor\\laravel\\framework\\src\\Illuminate\\Foundation\\Bootstrap\\HandleExceptions.php(258): Illuminate\\Foundation\\Bootstrap\\HandleExceptions->handleError()
#1 D:\\gitProject\\salescrm\\app\\Http\\Controllers\\DashboardController.php(873): Illuminate\\Foundation\\Bootstrap\\HandleExceptions->{closure:Illuminate\\Foundation\\Bootstrap\\HandleExceptions::forwardsTo():257}()
#2 D:\\gitProject\\salescrm\\app\\Http\\Controllers\\DashboardController.php(112): App\\Http\\Controllers\\DashboardController->renderCompanyDashboard()
#3 D:\\gitProject\\salescrm\\app\\Http\\Controllers\\DashboardController.php(65): App\\Http\\Controllers\\DashboardController->renderDashboard()
#4 D:\\gitProject\\salescrm\\vendor\\laravel\\framework\\src\\Illuminate\\Routing\\ControllerDispatcher.php(46): App\\Http\\Controllers\\DashboardController->index()
#5 D:\\gitProject\\salescrm\\vendor\\laravel\\framework\\src\\Illuminate\\Routing\\Route.php(265): Illuminate\\Routing\\ControllerDispatcher->dispatch()
#6 D:\\gitProject\\salescrm\\vendor\\laravel\\framework\\src\\Illuminate\\Routing\\Route.php(211): Illuminate\\Routing\\Route->runController()
#7 D:\\gitProject\\salescrm\\vendor\\laravel\\framework\\src\\Illuminate\\Routing\\Router.php(808): Illuminate\\Routing\\Route->run()
#8 D:\\gitProject\\salescrm\\vendor\\laravel\\framework\\src\\Illuminate\\Pipeline\\Pipeline.php(180): Illuminate\\Routing\\Router->{closure:Illuminate\\Routing\\Router::runRouteWithinStack():807}()
#9 D:\\gitProject\\salescrm\\app\\Http\\Middleware\\CheckPlanAccess.php(85): Illuminate\\Pipeline\\Pipeline->{closure:Illuminate\\Pipeline\\Pipeline::prepareDestination():178}()
#10 D:\\gitProject\\salescrm\\vendor\\laravel\\framework\\src\\Illuminate\\Pipeline\\Pipeline.php(219): App\\Http\\Middleware\\CheckPlanAccess->handle()
#11 D:\\gitProject\\salescrm\\app\\Http\\Middleware\\EnsureEmailIsVerified.php(22): Illuminate\\Pipeline\\Pipeline->{closure:{closure:Illuminate\\Pipeline\\Pipeline::carry():194}:195}()
#12 D:\\gitProject\\salescrm\\vendor\\laravel\\framework\\src\\Illuminate\\Pipeline\\Pipeline.php(219): App\\Http\\Middleware\\EnsureEmailIsVerified->handle()
#13 D:\\gitProject\\salescrm\\app\\Http\\Middleware\\DemoModeMiddleware.php(17): Illuminate\\Pipeline\\Pipeline->{closure:{closure:Illuminate\\Pipeline\\Pipeline::carry():194}:195}()
#14 D:\\gitProject\\salescrm\\vendor\\laravel\\framework\\src\\Illuminate\\Pipeline\\Pipeline.php(219): App\\Http\\Middleware\\DemoModeMiddleware->handle()
#15 D:\\gitProject\\salescrm\\vendor\\laravel\\framework\\src\\Illuminate\\Http\\Middleware\\AddLinkHeadersForPreloadedAssets.php(32): Illuminate\\Pipeline\\Pipeline->{closure:{closure:Illuminate\\Pipeline\\Pipeline::carry():194}:195}()
#16 D:\\gitProject\\salescrm\\vendor\\laravel\\framework\\src\\Illuminate\\Pipeline\\Pipeline.php(219): Illuminate\\Http\\Middleware\\AddLinkHeadersForPreloadedAssets->handle()
#17 D:\\gitProject\\salescrm\\vendor\\inertiajs\\inertia-laravel\\src\\Middleware.php(122): Illuminate\\Pipeline\\Pipeline->{closure:{closure:Illuminate\\Pipeline\\Pipeline::carry():194}:195}()
#18 D:\\gitProject\\salescrm\\vendor\\laravel\\framework\\src\\Illuminate\\Pipeline\\Pipeline.php(219): Inertia\\Middleware->handle()
#19 D:\\gitProject\\salescrm\\app\\Http\\Middleware\\ShareGlobalSettings.php(31): Illuminate\\Pipeline\\Pipeline->{closure:{closure:Illuminate\\Pipeline\\Pipeline::carry():194}:195}()
#20 D:\\gitProject\\salescrm\\vendor\\laravel\\framework\\src\\Illuminate\\Pipeline\\Pipeline.php(219): App\\Http\\Middleware\\ShareGlobalSettings->handle()
#21 D:\\gitProject\\salescrm\\app\\Http\\Middleware\\HandleAppearance.php(21): Illuminate\\Pipeline\\Pipeline->{closure:{closure:Illuminate\\Pipeline\\Pipeline::carry():194}:195}()
#22 D:\\gitProject\\salescrm\\vendor\\laravel\\framework\\src\\Illuminate\\Pipeline\\Pipeline.php(219): App\\Http\\Middleware\\HandleAppearance->handle()
#23 D:\\gitProject\\salescrm\\app\\Http\\Middleware\\CheckInstallation.php(41): Illuminate\\Pipeline\\Pipeline->{closure:{closure:Illuminate\\Pipeline\\Pipeline::carry():194}:195}()
#24 D:\\gitProject\\salescrm\\vendor\\laravel\\framework\\src\\Illuminate\\Pipeline\\Pipeline.php(219): App\\Http\\Middleware\\CheckInstallation->handle()
#25 D:\\gitProject\\salescrm\\vendor\\laravel\\framework\\src\\Illuminate\\Routing\\Middleware\\SubstituteBindings.php(50): Illuminate\\Pipeline\\Pipeline->{closure:{closure:Illuminate\\Pipeline\\Pipeline::carry():194}:195}()
#26 D:\\gitProject\\salescrm\\vendor\\laravel\\framework\\src\\Illuminate\\Pipeline\\Pipeline.php(219): Illuminate\\Routing\\Middleware\\SubstituteBindings->handle()
#27 D:\\gitProject\\salescrm\\vendor\\laravel\\framework\\src\\Illuminate\\Auth\\Middleware\\Authenticate.php(63): Illuminate\\Pipeline\\Pipeline->{closure:{closure:Illuminate\\Pipeline\\Pipeline::carry():194}:195}()
#28 D:\\gitProject\\salescrm\\vendor\\laravel\\framework\\src\\Illuminate\\Pipeline\\Pipeline.php(219): Illuminate\\Auth\\Middleware\\Authenticate->handle()
#29 D:\\gitProject\\salescrm\\vendor\\laravel\\framework\\src\\Illuminate\\Foundation\\Http\\Middleware\\VerifyCsrfToken.php(87): Illuminate\\Pipeline\\Pipeline->{closure:{closure:Illuminate\\Pipeline\\Pipeline::carry():194}:195}()
#30 D:\\gitProject\\salescrm\\vendor\\laravel\\framework\\src\\Illuminate\\Pipeline\\Pipeline.php(219): Illuminate\\Foundation\\Http\\Middleware\\VerifyCsrfToken->handle()
#31 D:\\gitProject\\salescrm\\vendor\\laravel\\framework\\src\\Illuminate\\View\\Middleware\\ShareErrorsFromSession.php(48): Illuminate\\Pipeline\\Pipeline->{closure:{closure:Illuminate\\Pipeline\\Pipeline::carry():194}:195}()
#32 D:\\gitProject\\salescrm\\vendor\\laravel\\framework\\src\\Illuminate\\Pipeline\\Pipeline.php(219): Illuminate\\View\\Middleware\\ShareErrorsFromSession->handle()
#33 D:\\gitProject\\salescrm\\vendor\\laravel\\framework\\src\\Illuminate\\Session\\Middleware\\StartSession.php(120): Illuminate\\Pipeline\\Pipeline->{closure:{closure:Illuminate\\Pipeline\\Pipeline::carry():194}:195}()
#34 D:\\gitProject\\salescrm\\vendor\\laravel\\framework\\src\\Illuminate\\Session\\Middleware\\StartSession.php(63): Illuminate\\Session\\Middleware\\StartSession->handleStatefulRequest()
#35 D:\\gitProject\\salescrm\\vendor\\laravel\\framework\\src\\Illuminate\\Pipeline\\Pipeline.php(219): Illuminate\\Session\\Middleware\\StartSession->handle()
#36 D:\\gitProject\\salescrm\\vendor\\laravel\\framework\\src\\Illuminate\\Cookie\\Middleware\\AddQueuedCookiesToResponse.php(36): Illuminate\\Pipeline\\Pipeline->{closure:{closure:Illuminate\\Pipeline\\Pipeline::carry():194}:195}()
#37 D:\\gitProject\\salescrm\\vendor\\laravel\\framework\\src\\Illuminate\\Pipeline\\Pipeline.php(219): Illuminate\\Cookie\\Middleware\\AddQueuedCookiesToResponse->handle()
#38 D:\\gitProject\\salescrm\\vendor\\laravel\\framework\\src\\Illuminate\\Cookie\\Middleware\\EncryptCookies.php(74): Illuminate\\Pipeline\\Pipeline->{closure:{closure:Illuminate\\Pipeline\\Pipeline::carry():194}:195}()
#39 D:\\gitProject\\salescrm\\vendor\\laravel\\framework\\src\\Illuminate\\Pipeline\\Pipeline.php(219): Illuminate\\Cookie\\Middleware\\EncryptCookies->handle()
#40 D:\\gitProject\\salescrm\\vendor\\laravel\\framework\\src\\Illuminate\\Pipeline\\Pipeline.php(137): Illuminate\\Pipeline\\Pipeline->{closure:{closure:Illuminate\\Pipeline\\Pipeline::carry():194}:195}()
#41 D:\\gitProject\\salescrm\\vendor\\laravel\\framework\\src\\Illuminate\\Routing\\Router.php(807): Illuminate\\Pipeline\\Pipeline->then()
#42 D:\\gitProject\\salescrm\\vendor\\laravel\\framework\\src\\Illuminate\\Routing\\Router.php(786): Illuminate\\Routing\\Router->runRouteWithinStack()
#43 D:\\gitProject\\salescrm\\vendor\\laravel\\framework\\src\\Illuminate\\Routing\\Router.php(750): Illuminate\\Routing\\Router->runRoute()
#44 D:\\gitProject\\salescrm\\vendor\\laravel\\framework\\src\\Illuminate\\Routing\\Router.php(739): Illuminate\\Routing\\Router->dispatchToRoute()
#45 D:\\gitProject\\salescrm\\vendor\\laravel\\framework\\src\\Illuminate\\Foundation\\Http\\Kernel.php(200): Illuminate\\Routing\\Router->dispatch()
#46 D:\\gitProject\\salescrm\\vendor\\laravel\\framework\\src\\Illuminate\\Pipeline\\Pipeline.php(180): Illuminate\\Foundation\\Http\\Kernel->{closure:Illuminate\\Foundation\\Http\\Kernel::dispatchToRouter():197}()
#47 D:\\gitProject\\salescrm\\vendor\\laravel\\framework\\src\\Illuminate\\Foundation\\Http\\Middleware\\TransformsRequest.php(21): Illuminate\\Pipeline\\Pipeline->{closure:Illuminate\\Pipeline\\Pipeline::prepareDestination():178}()
#48 D:\\gitProject\\salescrm\\vendor\\laravel\\framework\\src\\Illuminate\\Foundation\\Http\\Middleware\\ConvertEmptyStringsToNull.php(31): Illuminate\\Foundation\\Http\\Middleware\\TransformsRequest->handle()
#49 D:\\gitProject\\salescrm\\vendor\\laravel\\framework\\src\\Illuminate\\Pipeline\\Pipeline.php(219): Illuminate\\Foundation\\Http\\Middleware\\ConvertEmptyStringsToNull->handle()
#50 D:\\gitProject\\salescrm\\vendor\\laravel\\framework\\src\\Illuminate\\Foundation\\Http\\Middleware\\TransformsRequest.php(21): Illuminate\\Pipeline\\Pipeline->{closure:{closure:Illuminate\\Pipeline\\Pipeline::carry():194}:195}()
#51 D:\\gitProject\\salescrm\\vendor\\laravel\\framework\\src\\Illuminate\\Foundation\\Http\\Middleware\\TrimStrings.php(51): Illuminate\\Foundation\\Http\\Middleware\\TransformsRequest->handle()
#52 D:\\gitProject\\salescrm\\vendor\\laravel\\framework\\src\\Illuminate\\Pipeline\\Pipeline.php(219): Illuminate\\Foundation\\Http\\Middleware\\TrimStrings->handle()
#53 D:\\gitProject\\salescrm\\vendor\\laravel\\framework\\src\\Illuminate\\Http\\Middleware\\ValidatePostSize.php(27): Illuminate\\Pipeline\\Pipeline->{closure:{closure:Illuminate\\Pipeline\\Pipeline::carry():194}:195}()
#54 D:\\gitProject\\salescrm\\vendor\\laravel\\framework\\src\\Illuminate\\Pipeline\\Pipeline.php(219): Illuminate\\Http\\Middleware\\ValidatePostSize->handle()
#55 D:\\gitProject\\salescrm\\vendor\\laravel\\framework\\src\\Illuminate\\Foundation\\Http\\Middleware\\PreventRequestsDuringMaintenance.php(109): Illuminate\\Pipeline\\Pipeline->{closure:{closure:Illuminate\\Pipeline\\Pipeline::carry():194}:195}()
#56 D:\\gitProject\\salescrm\\vendor\\laravel\\framework\\src\\Illuminate\\Pipeline\\Pipeline.php(219): Illuminate\\Foundation\\Http\\Middleware\\PreventRequestsDuringMaintenance->handle()
#57 D:\\gitProject\\salescrm\\vendor\\laravel\\framework\\src\\Illuminate\\Http\\Middleware\\HandleCors.php(48): Illuminate\\Pipeline\\Pipeline->{closure:{closure:Illuminate\\Pipeline\\Pipeline::carry():194}:195}()
#58 D:\\gitProject\\salescrm\\vendor\\laravel\\framework\\src\\Illuminate\\Pipeline\\Pipeline.php(219): Illuminate\\Http\\Middleware\\HandleCors->handle()
#59 D:\\gitProject\\salescrm\\vendor\\laravel\\framework\\src\\Illuminate\\Http\\Middleware\\TrustProxies.php(58): Illuminate\\Pipeline\\Pipeline->{closure:{closure:Illuminate\\Pipeline\\Pipeline::carry():194}:195}()
#60 D:\\gitProject\\salescrm\\vendor\\laravel\\framework\\src\\Illuminate\\Pipeline\\Pipeline.php(219): Illuminate\\Http\\Middleware\\TrustProxies->handle()
#61 D:\\gitProject\\salescrm\\vendor\\laravel\\framework\\src\\Illuminate\\Foundation\\Http\\Middleware\\InvokeDeferredCallbacks.php(22): Illuminate\\Pipeline\\Pipeline->{closure:{closure:Illuminate\\Pipeline\\Pipeline::carry():194}:195}()
#62 D:\\gitProject\\salescrm\\vendor\\laravel\\framework\\src\\Illuminate\\Pipeline\\Pipeline.php(219): Illuminate\\Foundation\\Http\\Middleware\\InvokeDeferredCallbacks->handle()
#63 D:\\gitProject\\salescrm\\vendor\\laravel\\framework\\src\\Illuminate\\Http\\Middleware\\ValidatePathEncoding.php(26): Illuminate\\Pipeline\\Pipeline->{closure:{closure:Illuminate\\Pipeline\\Pipeline::carry():194}:195}()
#64 D:\\gitProject\\salescrm\\vendor\\laravel\\framework\\src\\Illuminate\\Pipeline\\Pipeline.php(219): Illuminate\\Http\\Middleware\\ValidatePathEncoding->handle()
#65 D:\\gitProject\\salescrm\\vendor\\laravel\\framework\\src\\Illuminate\\Pipeline\\Pipeline.php(137): Illuminate\\Pipeline\\Pipeline->{closure:{closure:Illuminate\\Pipeline\\Pipeline::carry():194}:195}()
#66 D:\\gitProject\\salescrm\\vendor\\laravel\\framework\\src\\Illuminate\\Foundation\\Http\\Kernel.php(175): Illuminate\\Pipeline\\Pipeline->then()
#67 D:\\gitProject\\salescrm\\vendor\\laravel\\framework\\src\\Illuminate\\Foundation\\Http\\Kernel.php(144): Illuminate\\Foundation\\Http\\Kernel->sendRequestThroughRouter()
#68 D:\\gitProject\\salescrm\\vendor\\laravel\\framework\\src\\Illuminate\\Foundation\\Application.php(1220): Illuminate\\Foundation\\Http\\Kernel->handle()
#69 D:\\gitProject\\salescrm\\public\\index.php(20): Illuminate\\Foundation\\Application->handleRequest()
#70 D:\\gitProject\\salescrm\\vendor\\laravel\\framework\\src\\Illuminate\\Foundation\\resources\\server.php(23): require_once('...')
#71 {main}
"} 
[2026-10-03 07:34:59] local.INFO: Storage settings loaded {"user_id":1,"settings":{"aws_access_key_id":"","aws_bucket":"","aws_default_region":"us-east-1","aws_endpoint":"","aws_secret_access_key":"","aws_url":"","storage_file_types":"jpg,png,webp,gif,pdf,doc,docx,txt,csv","storage_max_upload_size":"2048","storage_type":"local","wasabi_access_key":"","wasabi_bucket":"","wasabi_region":"us-east-1","wasabi_root":"","wasabi_secret_key":"","wasabi_url":""}} 
[2026-10-03 07:40:19] local.INFO: Storage settings loaded {"user_id":1,"settings":{"aws_access_key_id":"","aws_bucket":"","aws_default_region":"us-east-1","aws_endpoint":"","aws_secret_access_key":"","aws_url":"","storage_file_types":"jpg,png,webp,gif,pdf,doc,docx,txt,csv","storage_max_upload_size":"2048","storage_type":"local","wasabi_access_key":"","wasabi_bucket":"","wasabi_region":"us-east-1","wasabi_root":"","wasabi_secret_key":"","wasabi_url":""}} 
[2026-10-03 07:42:11] local.INFO: Impersonation started {"acting_user_id":1,"impersonated_user_id":"4","ip_address":"127.0.0.1","timestamp":"2026-10-03 07:42:11"} 
[2026-10-03 07:45:26] local.INFO: Storage settings loaded {"user_id":1,"settings":{"aws_access_key_id":"","aws_bucket":"","aws_default_region":"us-east-1","aws_endpoint":"","aws_secret_access_key":"","aws_url":"","storage_file_types":"jpg,png,webp,gif,pdf,doc,docx,txt,csv","storage_max_upload_size":"2048","storage_type":"local","wasabi_access_key":"","wasabi_bucket":"","wasabi_region":"us-east-1","wasabi_root":"","wasabi_secret_key":"","wasabi_url":""}} 
[2026-10-03 07:50:26] local.INFO: Storage settings loaded {"user_id":1,"settings":{"aws_access_key_id":"","aws_bucket":"","aws_default_region":"us-east-1","aws_endpoint":"","aws_secret_access_key":"","aws_url":"","storage_file_types":"jpg,png,webp,gif,pdf,doc,docx,txt,csv","storage_max_upload_size":"2048","storage_type":"local","wasabi_access_key":"","wasabi_bucket":"","wasabi_region":"us-east-1","wasabi_root":"","wasabi_secret_key":"","wasabi_url":""}} 
[2026-10-03 07:55:27] local.INFO: Storage settings loaded {"user_id":1,"settings":{"aws_access_key_id":"","aws_bucket":"","aws_default_region":"us-east-1","aws_endpoint":"","aws_secret_access_key":"","aws_url":"","storage_file_types":"jpg,png,webp,gif,pdf,doc,docx,txt,csv","storage_max_upload_size":"2048","storage_type":"local","wasabi_access_key":"","wasabi_bucket":"","wasabi_region":"us-east-1","wasabi_root":"","wasabi_secret_key":"","wasabi_url":""}} 
[2026-10-03 09:25:36] local.INFO: Storage settings loaded {"user_id":1,"settings":{"aws_access_key_id":"","aws_bucket":"","aws_default_region":"us-east-1","aws_endpoint":"","aws_secret_access_key":"","aws_url":"","storage_file_types":"jpg,png,webp,gif,pdf,doc,docx,txt,csv","storage_max_upload_size":"2048","storage_type":"local","wasabi_access_key":"","wasabi_bucket":"","wasabi_region":"us-east-1","wasabi_root":"","wasabi_secret_key":"","wasabi_url":""}} 
[2026-10-03 09:30:40] local.INFO: Storage settings loaded {"user_id":1,"settings":{"aws_access_key_id":"","aws_bucket":"","aws_default_region":"us-east-1","aws_endpoint":"","aws_secret_access_key":"","aws_url":"","storage_file_types":"jpg,png,webp,gif,pdf,doc,docx,txt,csv","storage_max_upload_size":"2048","storage_type":"local","wasabi_access_key":"","wasabi_bucket":"","wasabi_region":"us-east-1","wasabi_root":"","wasabi_secret_key":"","wasabi_url":""}} 
[2026-10-03 09:54:26] local.INFO: Storage settings loaded {"user_id":1,"settings":{"aws_access_key_id":"","aws_bucket":"","aws_default_region":"us-east-1","aws_endpoint":"","aws_secret_access_key":"","aws_url":"","storage_file_types":"jpg,png,webp,gif,pdf,doc,docx,txt,csv","storage_max_upload_size":"2048","storage_type":"local","wasabi_access_key":"","wasabi_bucket":"","wasabi_region":"us-east-1","wasabi_root":"","wasabi_secret_key":"","wasabi_url":""}} 
[2026-10-03 09:59:26] local.INFO: Storage settings loaded {"user_id":1,"settings":{"aws_access_key_id":"","aws_bucket":"","aws_default_region":"us-east-1","aws_endpoint":"","aws_secret_access_key":"","aws_url":"","storage_file_types":"jpg,png,webp,gif,pdf,doc,docx,txt,csv","storage_max_upload_size":"2048","storage_type":"local","wasabi_access_key":"","wasabi_bucket":"","wasabi_region":"us-east-1","wasabi_root":"","wasabi_secret_key":"","wasabi_url":""}} 
[2026-10-03 10:04:26] local.INFO: Storage settings loaded {"user_id":1,"settings":{"aws_access_key_id":"","aws_bucket":"","aws_default_region":"us-east-1","aws_endpoint":"","aws_secret_access_key":"","aws_url":"","storage_file_types":"jpg,png,webp,gif,pdf,doc,docx,txt,csv","storage_max_upload_size":"2048","storage_type":"local","wasabi_access_key":"","wasabi_bucket":"","wasabi_region":"us-east-1","wasabi_root":"","wasabi_secret_key":"","wasabi_url":""}} 
[2026-10-03 10:09:26] local.INFO: Storage settings loaded {"user_id":1,"settings":{"aws_access_key_id":"","aws_bucket":"","aws_default_region":"us-east-1","aws_endpoint":"","aws_secret_access_key":"","aws_url":"","storage_file_types":"jpg,png,webp,gif,pdf,doc,docx,txt,csv","storage_max_upload_size":"2048","storage_type":"local","wasabi_access_key":"","wasabi_bucket":"","wasabi_region":"us-east-1","wasabi_root":"","wasabi_secret_key":"","wasabi_url":""}} 
[2026-10-03 10:11:06] local.INFO: Impersonation ended {"timestamp":"2026-10-03 10:11:06"} 
[2026-10-03 10:11:06] local.INFO: Impersonation ended {"timestamp":"2026-10-03 10:11:06"} 
[2026-10-03 10:14:27] local.INFO: Storage settings loaded {"user_id":1,"settings":{"aws_access_key_id":"","aws_bucket":"","aws_default_region":"us-east-1","aws_endpoint":"","aws_secret_access_key":"","aws_url":"","storage_file_types":"jpg,png,webp,gif,pdf,doc,docx,txt,csv","storage_max_upload_size":"2048","storage_type":"local","wasabi_access_key":"","wasabi_bucket":"","wasabi_region":"us-east-1","wasabi_root":"","wasabi_secret_key":"","wasabi_url":""}} 
[2026-10-03 10:19:34] local.INFO: Storage settings loaded {"user_id":1,"settings":{"aws_access_key_id":"","aws_bucket":"","aws_default_region":"us-east-1","aws_endpoint":"","aws_secret_access_key":"","aws_url":"","storage_file_types":"jpg,png,webp,gif,pdf,doc,docx,txt,csv","storage_max_upload_size":"2048","storage_type":"local","wasabi_access_key":"","wasabi_bucket":"","wasabi_region":"us-east-1","wasabi_root":"","wasabi_secret_key":"","wasabi_url":""}} 
[2026-10-03 10:24:35] local.INFO: Storage settings loaded {"user_id":1,"settings":{"aws_access_key_id":"","aws_bucket":"","aws_default_region":"us-east-1","aws_endpoint":"","aws_secret_access_key":"","aws_url":"","storage_file_types":"jpg,png,webp,gif,pdf,doc,docx,txt,csv","storage_max_upload_size":"2048","storage_type":"local","wasabi_access_key":"","wasabi_bucket":"","wasabi_region":"us-east-1","wasabi_root":"","wasabi_secret_key":"","wasabi_url":""}} 
[2026-10-03 10:29:48] local.INFO: Storage settings loaded {"user_id":1,"settings":{"aws_access_key_id":"","aws_bucket":"","aws_default_region":"us-east-1","aws_endpoint":"","aws_secret_access_key":"","aws_url":"","storage_file_types":"jpg,png,webp,gif,pdf,doc,docx,txt,csv","storage_max_upload_size":"2048","storage_type":"local","wasabi_access_key":"","wasabi_bucket":"","wasabi_region":"us-east-1","wasabi_root":"","wasabi_secret_key":"","wasabi_url":""}} 
[2026-10-03 10:35:05] local.INFO: Storage settings loaded {"user_id":1,"settings":{"aws_access_key_id":"","aws_bucket":"","aws_default_region":"us-east-1","aws_endpoint":"","aws_secret_access_key":"","aws_url":"","storage_file_types":"jpg,png,webp,gif,pdf,doc,docx,txt,csv","storage_max_upload_size":"2048","storage_type":"local","wasabi_access_key":"","wasabi_bucket":"","wasabi_region":"us-east-1","wasabi_root":"","wasabi_secret_key":"","wasabi_url":""}} 
[2026-10-03 10:40:05] local.INFO: Storage settings loaded {"user_id":1,"settings":{"aws_access_key_id":"","aws_bucket":"","aws_default_region":"us-east-1","aws_endpoint":"","aws_secret_access_key":"","aws_url":"","storage_file_types":"jpg,png,webp,gif,pdf,doc,docx,txt,csv","storage_max_upload_size":"2048","storage_type":"local","wasabi_access_key":"","wasabi_bucket":"","wasabi_region":"us-east-1","wasabi_root":"","wasabi_secret_key":"","wasabi_url":""}} 
[2026-10-03 10:45:11] local.INFO: Storage settings loaded {"user_id":1,"settings":{"aws_access_key_id":"","aws_bucket":"","aws_default_region":"us-east-1","aws_endpoint":"","aws_secret_access_key":"","aws_url":"","storage_file_types":"jpg,png,webp,gif,pdf,doc,docx,txt,csv","storage_max_upload_size":"2048","storage_type":"local","wasabi_access_key":"","wasabi_bucket":"","wasabi_region":"us-east-1","wasabi_root":"","wasabi_secret_key":"","wasabi_url":""}} 
[2026-10-04 14:18:29] local.INFO: Storage settings loaded {"user_id":1,"settings":{"aws_access_key_id":"","aws_bucket":"","aws_default_region":"us-east-1","aws_endpoint":"","aws_secret_access_key":"","aws_url":"","storage_file_types":"jpg,png,webp,gif,pdf,doc,docx,txt,csv","storage_max_upload_size":"2048","storage_type":"local","wasabi_access_key":"","wasabi_bucket":"","wasabi_region":"us-east-1","wasabi_root":"","wasabi_secret_key":"","wasabi_url":""}} 
[2026-10-04 14:23:45] local.INFO: Storage settings loaded {"user_id":1,"settings":{"aws_access_key_id":"","aws_bucket":"","aws_default_region":"us-east-1","aws_endpoint":"","aws_secret_access_key":"","aws_url":"","storage_file_types":"jpg,png,webp,gif,pdf,doc,docx,txt,csv","storage_max_upload_size":"2048","storage_type":"local","wasabi_access_key":"","wasabi_bucket":"","wasabi_region":"us-east-1","wasabi_root":"","wasabi_secret_key":"","wasabi_url":""}} 
[2026-10-04 14:28:45] local.INFO: Storage settings loaded {"user_id":1,"settings":{"aws_access_key_id":"","aws_bucket":"","aws_default_region":"us-east-1","aws_endpoint":"","aws_secret_access_key":"","aws_url":"","storage_file_types":"jpg,png,webp,gif,pdf,doc,docx,txt,csv","storage_max_upload_size":"2048","storage_type":"local","wasabi_access_key":"","wasabi_bucket":"","wasabi_region":"us-east-1","wasabi_root":"","wasabi_secret_key":"","wasabi_url":""}} 
[2026-10-04 14:33:45] local.INFO: Storage settings loaded {"user_id":1,"settings":{"aws_access_key_id":"","aws_bucket":"","aws_default_region":"us-east-1","aws_endpoint":"","aws_secret_access_key":"","aws_url":"","storage_file_types":"jpg,png,webp,gif,pdf,doc,docx,txt,csv","storage_max_upload_size":"2048","storage_type":"local","wasabi_access_key":"","wasabi_bucket":"","wasabi_region":"us-east-1","wasabi_root":"","wasabi_secret_key":"","wasabi_url":""}} 
[2026-10-04 14:38:45] local.INFO: Storage settings loaded {"user_id":1,"settings":{"aws_access_key_id":"","aws_bucket":"","aws_default_region":"us-east-1","aws_endpoint":"","aws_secret_access_key":"","aws_url":"","storage_file_types":"jpg,png,webp,gif,pdf,doc,docx,txt,csv","storage_max_upload_size":"2048","storage_type":"local","wasabi_access_key":"","wasabi_bucket":"","wasabi_region":"us-east-1","wasabi_root":"","wasabi_secret_key":"","wasabi_url":""}} 
[2026-10-04 14:43:45] local.INFO: Storage settings loaded {"user_id":1,"settings":{"aws_access_key_id":"","aws_bucket":"","aws_default_region":"us-east-1","aws_endpoint":"","aws_secret_access_key":"","aws_url":"","storage_file_types":"jpg,png,webp,gif,pdf,doc,docx,txt,csv","storage_max_upload_size":"2048","storage_type":"local","wasabi_access_key":"","wasabi_bucket":"","wasabi_region":"us-east-1","wasabi_root":"","wasabi_secret_key":"","wasabi_url":""}} 
[2026-10-04 14:48:45] local.INFO: Storage settings loaded {"user_id":1,"settings":{"aws_access_key_id":"","aws_bucket":"","aws_default_region":"us-east-1","aws_endpoint":"","aws_secret_access_key":"","aws_url":"","storage_file_types":"jpg,png,webp,gif,pdf,doc,docx,txt,csv","storage_max_upload_size":"2048","storage_type":"local","wasabi_access_key":"","wasabi_bucket":"","wasabi_region":"us-east-1","wasabi_root":"","wasabi_secret_key":"","wasabi_url":""}} 
[2026-10-04 14:53:45] local.INFO: Storage settings loaded {"user_id":1,"settings":{"aws_access_key_id":"","aws_bucket":"","aws_default_region":"us-east-1","aws_endpoint":"","aws_secret_access_key":"","aws_url":"","storage_file_types":"jpg,png,webp,gif,pdf,doc,docx,txt,csv","storage_max_upload_size":"2048","storage_type":"local","wasabi_access_key":"","wasabi_bucket":"","wasabi_region":"us-east-1","wasabi_root":"","wasabi_secret_key":"","wasabi_url":""}} 
[2026-10-04 14:58:45] local.INFO: Storage settings loaded {"user_id":1,"settings":{"aws_access_key_id":"","aws_bucket":"","aws_default_region":"us-east-1","aws_endpoint":"","aws_secret_access_key":"","aws_url":"","storage_file_types":"jpg,png,webp,gif,pdf,doc,docx,txt,csv","storage_max_upload_size":"2048","storage_type":"local","wasabi_access_key":"","wasabi_bucket":"","wasabi_region":"us-east-1","wasabi_root":"","wasabi_secret_key":"","wasabi_url":""}} 
[2026-10-04 15:02:35] local.INFO: Impersonation started {"acting_user_id":1,"impersonated_user_id":"4","ip_address":"127.0.0.1","timestamp":"2026-10-04 15:02:35"} 
[2026-10-04 15:02:49] local.ERROR: SQLSTATE[22003]: Numeric value out of range: 1264 Out of range value for column 'late_minutes' at row 1 (Connection: mysql, SQL: insert into `attendances` (`user_id`, `date`, `created_by`, `clock_in`, `clock_out`, `clock_in_ip`, `clock_in_location`, `is_on_break`, `is_late`, `late_minutes`, `status`, `approval_status`, `updated_at`, `created_at`) values (4, 2026-10-04, 4, 2026-10-04 15:02:49, ?, 127.0.0.1, Office / Web App, 0, 1, -302.8281969, late, approved, 2026-10-04 15:02:49, 2026-10-04 15:02:49)) {"userId":4,"exception":"[object] (Illuminate\\Database\\QueryException(code: 22003): SQLSTATE[22003]: Numeric value out of range: 1264 Out of range value for column 'late_minutes' at row 1 (Connection: mysql, SQL: insert into `attendances` (`user_id`, `date`, `created_by`, `clock_in`, `clock_out`, `clock_in_ip`, `clock_in_location`, `is_on_break`, `is_late`, `late_minutes`, `status`, `approval_status`, `updated_at`, `created_at`) values (4, 2026-10-04, 4, 2026-10-04 15:02:49, ?, 127.0.0.1, Office / Web App, 0, 1, -302.8281969, late, approved, 2026-10-04 15:02:49, 2026-10-04 15:02:49)) at D:\\gitProject\\salescrm\\vendor\\laravel\\framework\\src\\Illuminate\\Database\\Connection.php:826)
[stacktrace]
#0 D:\\gitProject\\salescrm\\vendor\\laravel\\framework\\src\\Illuminate\\Database\\Connection.php(780): Illuminate\\Database\\Connection->runQueryCallback()
#1 D:\\gitProject\\salescrm\\vendor\\laravel\\framework\\src\\Illuminate\\Database\\MySqlConnection.php(42): Illuminate\\Database\\Connection->run()
#2 D:\\gitProject\\salescrm\\vendor\\laravel\\framework\\src\\Illuminate\\Database\\Query\\Processors\\MySqlProcessor.php(35): Illuminate\\Database\\MySqlConnection->insert()
#3 D:\\gitProject\\salescrm\\vendor\\laravel\\framework\\src\\Illuminate\\Database\\Query\\Builder.php(3853): Illuminate\\Database\\Query\\Processors\\MySqlProcessor->processInsertGetId()
#4 D:\\gitProject\\salescrm\\vendor\\laravel\\framework\\src\\Illuminate\\Database\\Eloquent\\Builder.php(2235): Illuminate\\Database\\Query\\Builder->insertGetId()
#5 D:\\gitProject\\salescrm\\vendor\\laravel\\framework\\src\\Illuminate\\Database\\Eloquent\\Model.php(1436): Illuminate\\Database\\Eloquent\\Builder->__call()
#6 D:\\gitProject\\salescrm\\vendor\\laravel\\framework\\src\\Illuminate\\Database\\Eloquent\\Model.php(1401): Illuminate\\Database\\Eloquent\\Model->insertAndSetId()
#7 D:\\gitProject\\salescrm\\vendor\\laravel\\framework\\src\\Illuminate\\Database\\Eloquent\\Model.php(1240): Illuminate\\Database\\Eloquent\\Model->performInsert()
#8 D:\\gitProject\\salescrm\\app\\Http\\Controllers\\AttendanceController.php(517): Illuminate\\Database\\Eloquent\\Model->save()
#9 D:\\gitProject\\salescrm\\vendor\\laravel\\framework\\src\\Illuminate\\Routing\\ControllerDispatcher.php(46): App\\Http\\Controllers\\AttendanceController->checkIn()
#10 D:\\gitProject\\salescrm\\vendor\\laravel\\framework\\src\\Illuminate\\Routing\\Route.php(265): Illuminate\\Routing\\ControllerDispatcher->dispatch()
#11 D:\\gitProject\\salescrm\\vendor\\laravel\\framework\\src\\Illuminate\\Routing\\Route.php(211): Illuminate\\Routing\\Route->runController()
#12 D:\\gitProject\\salescrm\\vendor\\laravel\\framework\\src\\Illuminate\\Routing\\Router.php(808): Illuminate\\Routing\\Route->run()
#13 D:\\gitProject\\salescrm\\vendor\\laravel\\framework\\src\\Illuminate\\Pipeline\\Pipeline.php(180): Illuminate\\Routing\\Router->{closure:Illuminate\\Routing\\Router::runRouteWithinStack():807}()
#14 D:\\gitProject\\salescrm\\app\\Http\\Middleware\\CheckPlanAccess.php(85): Illuminate\\Pipeline\\Pipeline->{closure:Illuminate\\Pipeline\\Pipeline::prepareDestination():178}()
#15 D:\\gitProject\\salescrm\\vendor\\laravel\\framework\\src\\Illuminate\\Pipeline\\Pipeline.php(219): App\\Http\\Middleware\\CheckPlanAccess->handle()
#16 D:\\gitProject\\salescrm\\app\\Http\\Middleware\\EnsureEmailIsVerified.php(22): Illuminate\\Pipeline\\Pipeline->{closure:{closure:Illuminate\\Pipeline\\Pipeline::carry():194}:195}()
#17 D:\\gitProject\\salescrm\\vendor\\laravel\\framework\\src\\Illuminate\\Pipeline\\Pipeline.php(219): App\\Http\\Middleware\\EnsureEmailIsVerified->handle()
#18 D:\\gitProject\\salescrm\\app\\Http\\Middleware\\DemoModeMiddleware.php(17): Illuminate\\Pipeline\\Pipeline->{closure:{closure:Illuminate\\Pipeline\\Pipeline::carry():194}:195}()
#19 D:\\gitProject\\salescrm\\vendor\\laravel\\framework\\src\\Illuminate\\Pipeline\\Pipeline.php(219): App\\Http\\Middleware\\DemoModeMiddleware->handle()
#20 D:\\gitProject\\salescrm\\vendor\\laravel\\framework\\src\\Illuminate\\Http\\Middleware\\AddLinkHeadersForPreloadedAssets.php(32): Illuminate\\Pipeline\\Pipeline->{closure:{closure:Illuminate\\Pipeline\\Pipeline::carry():194}:195}()
#21 D:\\gitProject\\salescrm\\vendor\\laravel\\framework\\src\\Illuminate\\Pipeline\\Pipeline.php(219): Illuminate\\Http\\Middleware\\AddLinkHeadersForPreloadedAssets->handle()
#22 D:\\gitProject\\salescrm\\vendor\\inertiajs\\inertia-laravel\\src\\Middleware.php(122): Illuminate\\Pipeline\\Pipeline->{closure:{closure:Illuminate\\Pipeline\\Pipeline::carry():194}:195}()
#23 D:\\gitProject\\salescrm\\vendor\\laravel\\framework\\src\\Illuminate\\Pipeline\\Pipeline.php(219): Inertia\\Middleware->handle()
#24 D:\\gitProject\\salescrm\\app\\Http\\Middleware\\ShareGlobalSettings.php(31): Illuminate\\Pipeline\\Pipeline->{closure:{closure:Illuminate\\Pipeline\\Pipeline::carry():194}:195}()
#25 D:\\gitProject\\salescrm\\vendor\\laravel\\framework\\src\\Illuminate\\Pipeline\\Pipeline.php(219): App\\Http\\Middleware\\ShareGlobalSettings->handle()
#26 D:\\gitProject\\salescrm\\app\\Http\\Middleware\\HandleAppearance.php(21): Illuminate\\Pipeline\\Pipeline->{closure:{closure:Illuminate\\Pipeline\\Pipeline::carry():194}:195}()
#27 D:\\gitProject\\salescrm\\vendor\\laravel\\framework\\src\\Illuminate\\Pipeline\\Pipeline.php(219): App\\Http\\Middleware\\HandleAppearance->handle()
#28 D:\\gitProject\\salescrm\\app\\Http\\Middleware\\CheckInstallation.php(28): Illuminate\\Pipeline\\Pipeline->{closure:{closure:Illuminate\\Pipeline\\Pipeline::carry():194}:195}()
#29 D:\\gitProject\\salescrm\\vendor\\laravel\\framework\\src\\Illuminate\\Pipeline\\Pipeline.php(219): App\\Http\\Middleware\\CheckInstallation->handle()
#30 D:\\gitProject\\salescrm\\vendor\\laravel\\framework\\src\\Illuminate\\Routing\\Middleware\\SubstituteBindings.php(50): Illuminate\\Pipeline\\Pipeline->{closure:{closure:Illuminate\\Pipeline\\Pipeline::carry():194}:195}()
#31 D:\\gitProject\\salescrm\\vendor\\laravel\\framework\\src\\Illuminate\\Pipeline\\Pipeline.php(219): Illuminate\\Routing\\Middleware\\SubstituteBindings->handle()
#32 D:\\gitProject\\salescrm\\vendor\\laravel\\framework\\src\\Illuminate\\Auth\\Middleware\\Authenticate.php(63): Illuminate\\Pipeline\\Pipeline->{closure:{closure:Illuminate\\Pipeline\\Pipeline::carry():194}:195}()
#33 D:\\gitProject\\salescrm\\vendor\\laravel\\framework\\src\\Illuminate\\Pipeline\\Pipeline.php(219): Illuminate\\Auth\\Middleware\\Authenticate->handle()
#34 D:\\gitProject\\salescrm\\vendor\\laravel\\framework\\src\\Illuminate\\Foundation\\Http\\Middleware\\VerifyCsrfToken.php(87): Illuminate\\Pipeline\\Pipeline->{closure:{closure:Illuminate\\Pipeline\\Pipeline::carry():194}:195}()
#35 D:\\gitProject\\salescrm\\vendor\\laravel\\framework\\src\\Illuminate\\Pipeline\\Pipeline.php(219): Illuminate\\Foundation\\Http\\Middleware\\VerifyCsrfToken->handle()
#36 D:\\gitProject\\salescrm\\vendor\\laravel\\framework\\src\\Illuminate\\View\\Middleware\\ShareErrorsFromSession.php(48): Illuminate\\Pipeline\\Pipeline->{closure:{closure:Illuminate\\Pipeline\\Pipeline::carry():194}:195}()
#37 D:\\gitProject\\salescrm\\vendor\\laravel\\framework\\src\\Illuminate\\Pipeline\\Pipeline.php(219): Illuminate\\View\\Middleware\\ShareErrorsFromSession->handle()
#38 D:\\gitProject\\salescrm\\vendor\\laravel\\framework\\src\\Illuminate\\Session\\Middleware\\StartSession.php(120): Illuminate\\Pipeline\\Pipeline->{closure:{closure:Illuminate\\Pipeline\\Pipeline::carry():194}:195}()
#39 D:\\gitProject\\salescrm\\vendor\\laravel\\framework\\src\\Illuminate\\Session\\Middleware\\StartSession.php(63): Illuminate\\Session\\Middleware\\StartSession->handleStatefulRequest()
#40 D:\\gitProject\\salescrm\\vendor\\laravel\\framework\\src\\Illuminate\\Pipeline\\Pipeline.php(219): Illuminate\\Session\\Middleware\\StartSession->handle()
#41 D:\\gitProject\\salescrm\\vendor\\laravel\\framework\\src\\Illuminate\\Cookie\\Middleware\\AddQueuedCookiesToResponse.php(36): Illuminate\\Pipeline\\Pipeline->{closure:{closure:Illuminate\\Pipeline\\Pipeline::carry():194}:195}()
#42 D:\\gitProject\\salescrm\\vendor\\laravel\\framework\\src\\Illuminate\\Pipeline\\Pipeline.php(219): Illuminate\\Cookie\\Middleware\\AddQueuedCookiesToResponse->handle()
#43 D:\\gitProject\\salescrm\\vendor\\laravel\\framework\\src\\Illuminate\\Cookie\\Middleware\\EncryptCookies.php(74): Illuminate\\Pipeline\\Pipeline->{closure:{closure:Illuminate\\Pipeline\\Pipeline::carry():194}:195}()
#44 D:\\gitProject\\salescrm\\vendor\\laravel\\framework\\src\\Illuminate\\Pipeline\\Pipeline.php(219): Illuminate\\Cookie\\Middleware\\EncryptCookies->handle()
#45 D:\\gitProject\\salescrm\\vendor\\laravel\\framework\\src\\Illuminate\\Pipeline\\Pipeline.php(137): Illuminate\\Pipeline\\Pipeline->{closure:{closure:Illuminate\\Pipeline\\Pipeline::carry():194}:195}()
#46 D:\\gitProject\\salescrm\\vendor\\laravel\\framework\\src\\Illuminate\\Routing\\Router.php(807): Illuminate\\Pipeline\\Pipeline->then()
#47 D:\\gitProject\\salescrm\\vendor\\laravel\\framework\\src\\Illuminate\\Routing\\Router.php(786): Illuminate\\Routing\\Router->runRouteWithinStack()
#48 D:\\gitProject\\salescrm\\vendor\\laravel\\framework\\src\\Illuminate\\Routing\\Router.php(750): Illuminate\\Routing\\Router->runRoute()
#49 D:\\gitProject\\salescrm\\vendor\\laravel\\framework\\src\\Illuminate\\Routing\\Router.php(739): Illuminate\\Routing\\Router->dispatchToRoute()
#50 D:\\gitProject\\salescrm\\vendor\\laravel\\framework\\src\\Illuminate\\Foundation\\Http\\Kernel.php(200): Illuminate\\Routing\\Router->dispatch()
#51 D:\\gitProject\\salescrm\\vendor\\laravel\\framework\\src\\Illuminate\\Pipeline\\Pipeline.php(180): Illuminate\\Foundation\\Http\\Kernel->{closure:Illuminate\\Foundation\\Http\\Kernel::dispatchToRouter():197}()
#52 D:\\gitProject\\salescrm\\vendor\\laravel\\framework\\src\\Illuminate\\Foundation\\Http\\Middleware\\TransformsRequest.php(21): Illuminate\\Pipeline\\Pipeline->{closure:Illuminate\\Pipeline\\Pipeline::prepareDestination():178}()
#53 D:\\gitProject\\salescrm\\vendor\\laravel\\framework\\src\\Illuminate\\Foundation\\Http\\Middleware\\ConvertEmptyStringsToNull.php(31): Illuminate\\Foundation\\Http\\Middleware\\TransformsRequest->handle()
#54 D:\\gitProject\\salescrm\\vendor\\laravel\\framework\\src\\Illuminate\\Pipeline\\Pipeline.php(219): Illuminate\\Foundation\\Http\\Middleware\\ConvertEmptyStringsToNull->handle()
#55 D:\\gitProject\\salescrm\\vendor\\laravel\\framework\\src\\Illuminate\\Foundation\\Http\\Middleware\\TransformsRequest.php(21): Illuminate\\Pipeline\\Pipeline->{closure:{closure:Illuminate\\Pipeline\\Pipeline::carry():194}:195}()
#56 D:\\gitProject\\salescrm\\vendor\\laravel\\framework\\src\\Illuminate\\Foundation\\Http\\Middleware\\TrimStrings.php(51): Illuminate\\Foundation\\Http\\Middleware\\TransformsRequest->handle()
#57 D:\\gitProject\\salescrm\\vendor\\laravel\\framework\\src\\Illuminate\\Pipeline\\Pipeline.php(219): Illuminate\\Foundation\\Http\\Middleware\\TrimStrings->handle()
#58 D:\\gitProject\\salescrm\\vendor\\laravel\\framework\\src\\Illuminate\\Http\\Middleware\\ValidatePostSize.php(27): Illuminate\\Pipeline\\Pipeline->{closure:{closure:Illuminate\\Pipeline\\Pipeline::carry():194}:195}()
#59 D:\\gitProject\\salescrm\\vendor\\laravel\\framework\\src\\Illuminate\\Pipeline\\Pipeline.php(219): Illuminate\\Http\\Middleware\\ValidatePostSize->handle()
#60 D:\\gitProject\\salescrm\\vendor\\laravel\\framework\\src\\Illuminate\\Foundation\\Http\\Middleware\\PreventRequestsDuringMaintenance.php(109): Illuminate\\Pipeline\\Pipeline->{closure:{closure:Illuminate\\Pipeline\\Pipeline::carry():194}:195}()
#61 D:\\gitProject\\salescrm\\vendor\\laravel\\framework\\src\\Illuminate\\Pipeline\\Pipeline.php(219): Illuminate\\Foundation\\Http\\Middleware\\PreventRequestsDuringMaintenance->handle()
#62 D:\\gitProject\\salescrm\\vendor\\laravel\\framework\\src\\Illuminate\\Http\\Middleware\\HandleCors.php(48): Illuminate\\Pipeline\\Pipeline->{closure:{closure:Illuminate\\Pipeline\\Pipeline::carry():194}:195}()
#63 D:\\gitProject\\salescrm\\vendor\\laravel\\framework\\src\\Illuminate\\Pipeline\\Pipeline.php(219): Illuminate\\Http\\Middleware\\HandleCors->handle()
#64 D:\\gitProject\\salescrm\\vendor\\laravel\\framework\\src\\Illuminate\\Http\\Middleware\\TrustProxies.php(58): Illuminate\\Pipeline\\Pipeline->{closure:{closure:Illuminate\\Pipeline\\Pipeline::carry():194}:195}()
#65 D:\\gitProject\\salescrm\\vendor\\laravel\\framework\\src\\Illuminate\\Pipeline\\Pipeline.php(219): Illuminate\\Http\\Middleware\\TrustProxies->handle()
#66 D:\\gitProject\\salescrm\\vendor\\laravel\\framework\\src\\Illuminate\\Foundation\\Http\\Middleware\\InvokeDeferredCallbacks.php(22): Illuminate\\Pipeline\\Pipeline->{closure:{closure:Illuminate\\Pipeline\\Pipeline::carry():194}:195}()
#67 D:\\gitProject\\salescrm\\vendor\\laravel\\framework\\src\\Illuminate\\Pipeline\\Pipeline.php(219): Illuminate\\Foundation\\Http\\Middleware\\InvokeDeferredCallbacks->handle()
#68 D:\\gitProject\\salescrm\\vendor\\laravel\\framework\\src\\Illuminate\\Http\\Middleware\\ValidatePathEncoding.php(26): Illuminate\\Pipeline\\Pipeline->{closure:{closure:Illuminate\\Pipeline\\Pipeline::carry():194}:195}()
#69 D:\\gitProject\\salescrm\\vendor\\laravel\\framework\\src\\Illuminate\\Pipeline\\Pipeline.php(219): Illuminate\\Http\\Middleware\\ValidatePathEncoding->handle()
#70 D:\\gitProject\\salescrm\\vendor\\laravel\\framework\\src\\Illuminate\\Pipeline\\Pipeline.php(137): Illuminate\\Pipeline\\Pipeline->{closure:{closure:Illuminate\\Pipeline\\Pipeline::carry():194}:195}()
#71 D:\\gitProject\\salescrm\\vendor\\laravel\\framework\\src\\Illuminate\\Foundation\\Http\\Kernel.php(175): Illuminate\\Pipeline\\Pipeline->then()
#72 D:\\gitProject\\salescrm\\vendor\\laravel\\framework\\src\\Illuminate\\Foundation\\Http\\Kernel.php(144): Illuminate\\Foundation\\Http\\Kernel->sendRequestThroughRouter()
#73 D:\\gitProject\\salescrm\\vendor\\laravel\\framework\\src\\Illuminate\\Foundation\\Application.php(1220): Illuminate\\Foundation\\Http\\Kernel->handle()
#74 D:\\gitProject\\salescrm\\public\\index.php(20): Illuminate\\Foundation\\Application->handleRequest()
#75 D:\\gitProject\\salescrm\\vendor\\laravel\\framework\\src\\Illuminate\\Foundation\\resources\\server.php(23): require_once('...')
#76 {main}

[previous exception] [object] (PDOException(code: 22003): SQLSTATE[22003]: Numeric value out of range: 1264 Out of range value for column 'late_minutes' at row 1 at D:\\gitProject\\salescrm\\vendor\\laravel\\framework\\src\\Illuminate\\Database\\MySqlConnection.php:53)
[stacktrace]
#0 D:\\gitProject\\salescrm\\vendor\\laravel\\framework\\src\\Illuminate\\Database\\MySqlConnection.php(53): PDOStatement->execute()
#1 D:\\gitProject\\salescrm\\vendor\\laravel\\framework\\src\\Illuminate\\Database\\Connection.php(813): Illuminate\\Database\\MySqlConnection->{closure:Illuminate\\Database\\MySqlConnection::insert():42}()
#2 D:\\gitProject\\salescrm\\vendor\\laravel\\framework\\src\\Illuminate\\Database\\Connection.php(780): Illuminate\\Database\\Connection->runQueryCallback()
#3 D:\\gitProject\\salescrm\\vendor\\laravel\\framework\\src\\Illuminate\\Database\\MySqlConnection.php(42): Illuminate\\Database\\Connection->run()
#4 D:\\gitProject\\salescrm\\vendor\\laravel\\framework\\src\\Illuminate\\Database\\Query\\Processors\\MySqlProcessor.php(35): Illuminate\\Database\\MySqlConnection->insert()
#5 D:\\gitProject\\salescrm\\vendor\\laravel\\framework\\src\\Illuminate\\Database\\Query\\Builder.php(3853): Illuminate\\Database\\Query\\Processors\\MySqlProcessor->processInsertGetId()
#6 D:\\gitProject\\salescrm\\vendor\\laravel\\framework\\src\\Illuminate\\Database\\Eloquent\\Builder.php(2235): Illuminate\\Database\\Query\\Builder->insertGetId()
#7 D:\\gitProject\\salescrm\\vendor\\laravel\\framework\\src\\Illuminate\\Database\\Eloquent\\Model.php(1436): Illuminate\\Database\\Eloquent\\Builder->__call()
#8 D:\\gitProject\\salescrm\\vendor\\laravel\\framework\\src\\Illuminate\\Database\\Eloquent\\Model.php(1401): Illuminate\\Database\\Eloquent\\Model->insertAndSetId()
#9 D:\\gitProject\\salescrm\\vendor\\laravel\\framework\\src\\Illuminate\\Database\\Eloquent\\Model.php(1240): Illuminate\\Database\\Eloquent\\Model->performInsert()
#10 D:\\gitProject\\salescrm\\app\\Http\\Controllers\\AttendanceController.php(517): Illuminate\\Database\\Eloquent\\Model->save()
#11 D:\\gitProject\\salescrm\\vendor\\laravel\\framework\\src\\Illuminate\\Routing\\ControllerDispatcher.php(46): App\\Http\\Controllers\\AttendanceController->checkIn()
#12 D:\\gitProject\\salescrm\\vendor\\laravel\\framework\\src\\Illuminate\\Routing\\Route.php(265): Illuminate\\Routing\\ControllerDispatcher->dispatch()
#13 D:\\gitProject\\salescrm\\vendor\\laravel\\framework\\src\\Illuminate\\Routing\\Route.php(211): Illuminate\\Routing\\Route->runController()
#14 D:\\gitProject\\salescrm\\vendor\\laravel\\framework\\src\\Illuminate\\Routing\\Router.php(808): Illuminate\\Routing\\Route->run()
#15 D:\\gitProject\\salescrm\\vendor\\laravel\\framework\\src\\Illuminate\\Pipeline\\Pipeline.php(180): Illuminate\\Routing\\Router->{closure:Illuminate\\Routing\\Router::runRouteWithinStack():807}()
#16 D:\\gitProject\\salescrm\\app\\Http\\Middleware\\CheckPlanAccess.php(85): Illuminate\\Pipeline\\Pipeline->{closure:Illuminate\\Pipeline\\Pipeline::prepareDestination():178}()
#17 D:\\gitProject\\salescrm\\vendor\\laravel\\framework\\src\\Illuminate\\Pipeline\\Pipeline.php(219): App\\Http\\Middleware\\CheckPlanAccess->handle()
#18 D:\\gitProject\\salescrm\\app\\Http\\Middleware\\EnsureEmailIsVerified.php(22): Illuminate\\Pipeline\\Pipeline->{closure:{closure:Illuminate\\Pipeline\\Pipeline::carry():194}:195}()
#19 D:\\gitProject\\salescrm\\vendor\\laravel\\framework\\src\\Illuminate\\Pipeline\\Pipeline.php(219): App\\Http\\Middleware\\EnsureEmailIsVerified->handle()
#20 D:\\gitProject\\salescrm\\app\\Http\\Middleware\\DemoModeMiddleware.php(17): Illuminate\\Pipeline\\Pipeline->{closure:{closure:Illuminate\\Pipeline\\Pipeline::carry():194}:195}()
#21 D:\\gitProject\\salescrm\\vendor\\laravel\\framework\\src\\Illuminate\\Pipeline\\Pipeline.php(219): App\\Http\\Middleware\\DemoModeMiddleware->handle()
#22 D:\\gitProject\\salescrm\\vendor\\laravel\\framework\\src\\Illuminate\\Http\\Middleware\\AddLinkHeadersForPreloadedAssets.php(32): Illuminate\\Pipeline\\Pipeline->{closure:{closure:Illuminate\\Pipeline\\Pipeline::carry():194}:195}()
#23 D:\\gitProject\\salescrm\\vendor\\laravel\\framework\\src\\Illuminate\\Pipeline\\Pipeline.php(219): Illuminate\\Http\\Middleware\\AddLinkHeadersForPreloadedAssets->handle()
#24 D:\\gitProject\\salescrm\\vendor\\inertiajs\\inertia-laravel\\src\\Middleware.php(122): Illuminate\\Pipeline\\Pipeline->{closure:{closure:Illuminate\\Pipeline\\Pipeline::carry():194}:195}()
#25 D:\\gitProject\\salescrm\\vendor\\laravel\\framework\\src\\Illuminate\\Pipeline\\Pipeline.php(219): Inertia\\Middleware->handle()
#26 D:\\gitProject\\salescrm\\app\\Http\\Middleware\\ShareGlobalSettings.php(31): Illuminate\\Pipeline\\Pipeline->{closure:{closure:Illuminate\\Pipeline\\Pipeline::carry():194}:195}()
#27 D:\\gitProject\\salescrm\\vendor\\laravel\\framework\\src\\Illuminate\\Pipeline\\Pipeline.php(219): App\\Http\\Middleware\\ShareGlobalSettings->handle()
#28 D:\\gitProject\\salescrm\\app\\Http\\Middleware\\HandleAppearance.php(21): Illuminate\\Pipeline\\Pipeline->{closure:{closure:Illuminate\\Pipeline\\Pipeline::carry():194}:195}()
#29 D:\\gitProject\\salescrm\\vendor\\laravel\\framework\\src\\Illuminate\\Pipeline\\Pipeline.php(219): App\\Http\\Middleware\\HandleAppearance->handle()
#30 D:\\gitProject\\salescrm\\app\\Http\\Middleware\\CheckInstallation.php(28): Illuminate\\Pipeline\\Pipeline->{closure:{closure:Illuminate\\Pipeline\\Pipeline::carry():194}:195}()
#31 D:\\gitProject\\salescrm\\vendor\\laravel\\framework\\src\\Illuminate\\Pipeline\\Pipeline.php(219): App\\Http\\Middleware\\CheckInstallation->handle()
#32 D:\\gitProject\\salescrm\\vendor\\laravel\\framework\\src\\Illuminate\\Routing\\Middleware\\SubstituteBindings.php(50): Illuminate\\Pipeline\\Pipeline->{closure:{closure:Illuminate\\Pipeline\\Pipeline::carry():194}:195}()
#33 D:\\gitProject\\salescrm\\vendor\\laravel\\framework\\src\\Illuminate\\Pipeline\\Pipeline.php(219): Illuminate\\Routing\\Middleware\\SubstituteBindings->handle()
#34 D:\\gitProject\\salescrm\\vendor\\laravel\\framework\\src\\Illuminate\\Auth\\Middleware\\Authenticate.php(63): Illuminate\\Pipeline\\Pipeline->{closure:{closure:Illuminate\\Pipeline\\Pipeline::carry():194}:195}()
#35 D:\\gitProject\\salescrm\\vendor\\laravel\\framework\\src\\Illuminate\\Pipeline\\Pipeline.php(219): Illuminate\\Auth\\Middleware\\Authenticate->handle()
#36 D:\\gitProject\\salescrm\\vendor\\laravel\\framework\\src\\Illuminate\\Foundation\\Http\\Middleware\\VerifyCsrfToken.php(87): Illuminate\\Pipeline\\Pipeline->{closure:{closure:Illuminate\\Pipeline\\Pipeline::carry():194}:195}()
#37 D:\\gitProject\\salescrm\\vendor\\laravel\\framework\\src\\Illuminate\\Pipeline\\Pipeline.php(219): Illuminate\\Foundation\\Http\\Middleware\\VerifyCsrfToken->handle()
#38 D:\\gitProject\\salescrm\\vendor\\laravel\\framework\\src\\Illuminate\\View\\Middleware\\ShareErrorsFromSession.php(48): Illuminate\\Pipeline\\Pipeline->{closure:{closure:Illuminate\\Pipeline\\Pipeline::carry():194}:195}()
#39 D:\\gitProject\\salescrm\\vendor\\laravel\\framework\\src\\Illuminate\\Pipeline\\Pipeline.php(219): Illuminate\\View\\Middleware\\ShareErrorsFromSession->handle()
#40 D:\\gitProject\\salescrm\\vendor\\laravel\\framework\\src\\Illuminate\\Session\\Middleware\\StartSession.php(120): Illuminate\\Pipeline\\Pipeline->{closure:{closure:Illuminate\\Pipeline\\Pipeline::carry():194}:195}()
#41 D:\\gitProject\\salescrm\\vendor\\laravel\\framework\\src\\Illuminate\\Session\\Middleware\\StartSession.php(63): Illuminate\\Session\\Middleware\\StartSession->handleStatefulRequest()
#42 D:\\gitProject\\salescrm\\vendor\\laravel\\framework\\src\\Illuminate\\Pipeline\\Pipeline.php(219): Illuminate\\Session\\Middleware\\StartSession->handle()
#43 D:\\gitProject\\salescrm\\vendor\\laravel\\framework\\src\\Illuminate\\Cookie\\Middleware\\AddQueuedCookiesToResponse.php(36): Illuminate\\Pipeline\\Pipeline->{closure:{closure:Illuminate\\Pipeline\\Pipeline::carry():194}:195}()
#44 D:\\gitProject\\salescrm\\vendor\\laravel\\framework\\src\\Illuminate\\Pipeline\\Pipeline.php(219): Illuminate\\Cookie\\Middleware\\AddQueuedCookiesToResponse->handle()
#45 D:\\gitProject\\salescrm\\vendor\\laravel\\framework\\src\\Illuminate\\Cookie\\Middleware\\EncryptCookies.php(74): Illuminate\\Pipeline\\Pipeline->{closure:{closure:Illuminate\\Pipeline\\Pipeline::carry():194}:195}()
#46 D:\\gitProject\\salescrm\\vendor\\laravel\\framework\\src\\Illuminate\\Pipeline\\Pipeline.php(219): Illuminate\\Cookie\\Middleware\\EncryptCookies->handle()
#47 D:\\gitProject\\salescrm\\vendor\\laravel\\framework\\src\\Illuminate\\Pipeline\\Pipeline.php(137): Illuminate\\Pipeline\\Pipeline->{closure:{closure:Illuminate\\Pipeline\\Pipeline::carry():194}:195}()
#48 D:\\gitProject\\salescrm\\vendor\\laravel\\framework\\src\\Illuminate\\Routing\\Router.php(807): Illuminate\\Pipeline\\Pipeline->then()
#49 D:\\gitProject\\salescrm\\vendor\\laravel\\framework\\src\\Illuminate\\Routing\\Router.php(786): Illuminate\\Routing\\Router->runRouteWithinStack()
#50 D:\\gitProject\\salescrm\\vendor\\laravel\\framework\\src\\Illuminate\\Routing\\Router.php(750): Illuminate\\Routing\\Router->runRoute()
#51 D:\\gitProject\\salescrm\\vendor\\laravel\\framework\\src\\Illuminate\\Routing\\Router.php(739): Illuminate\\Routing\\Router->dispatchToRoute()
#52 D:\\gitProject\\salescrm\\vendor\\laravel\\framework\\src\\Illuminate\\Foundation\\Http\\Kernel.php(200): Illuminate\\Routing\\Router->dispatch()
#53 D:\\gitProject\\salescrm\\vendor\\laravel\\framework\\src\\Illuminate\\Pipeline\\Pipeline.php(180): Illuminate\\Foundation\\Http\\Kernel->{closure:Illuminate\\Foundation\\Http\\Kernel::dispatchToRouter():197}()
#54 D:\\gitProject\\salescrm\\vendor\\laravel\\framework\\src\\Illuminate\\Foundation\\Http\\Middleware\\TransformsRequest.php(21): Illuminate\\Pipeline\\Pipeline->{closure:Illuminate\\Pipeline\\Pipeline::prepareDestination():178}()
#55 D:\\gitProject\\salescrm\\vendor\\laravel\\framework\\src\\Illuminate\\Foundation\\Http\\Middleware\\ConvertEmptyStringsToNull.php(31): Illuminate\\Foundation\\Http\\Middleware\\TransformsRequest->handle()
#56 D:\\gitProject\\salescrm\\vendor\\laravel\\framework\\src\\Illuminate\\Pipeline\\Pipeline.php(219): Illuminate\\Foundation\\Http\\Middleware\\ConvertEmptyStringsToNull->handle()
#57 D:\\gitProject\\salescrm\\vendor\\laravel\\framework\\src\\Illuminate\\Foundation\\Http\\Middleware\\TransformsRequest.php(21): Illuminate\\Pipeline\\Pipeline->{closure:{closure:Illuminate\\Pipeline\\Pipeline::carry():194}:195}()
#58 D:\\gitProject\\salescrm\\vendor\\laravel\\framework\\src\\Illuminate\\Foundation\\Http\\Middleware\\TrimStrings.php(51): Illuminate\\Foundation\\Http\\Middleware\\TransformsRequest->handle()
#59 D:\\gitProject\\salescrm\\vendor\\laravel\\framework\\src\\Illuminate\\Pipeline\\Pipeline.php(219): Illuminate\\Foundation\\Http\\Middleware\\TrimStrings->handle()
#60 D:\\gitProject\\salescrm\\vendor\\laravel\\framework\\src\\Illuminate\\Http\\Middleware\\ValidatePostSize.php(27): Illuminate\\Pipeline\\Pipeline->{closure:{closure:Illuminate\\Pipeline\\Pipeline::carry():194}:195}()
#61 D:\\gitProject\\salescrm\\vendor\\laravel\\framework\\src\\Illuminate\\Pipeline\\Pipeline.php(219): Illuminate\\Http\\Middleware\\ValidatePostSize->handle()
#62 D:\\gitProject\\salescrm\\vendor\\laravel\\framework\\src\\Illuminate\\Foundation\\Http\\Middleware\\PreventRequestsDuringMaintenance.php(109): Illuminate\\Pipeline\\Pipeline->{closure:{closure:Illuminate\\Pipeline\\Pipeline::carry():194}:195}()
#63 D:\\gitProject\\salescrm\\vendor\\laravel\\framework\\src\\Illuminate\\Pipeline\\Pipeline.php(219): Illuminate\\Foundation\\Http\\Middleware\\PreventRequestsDuringMaintenance->handle()
#64 D:\\gitProject\\salescrm\\vendor\\laravel\\framework\\src\\Illuminate\\Http\\Middleware\\HandleCors.php(48): Illuminate\\Pipeline\\Pipeline->{closure:{closure:Illuminate\\Pipeline\\Pipeline::carry():194}:195}()
#65 D:\\gitProject\\salescrm\\vendor\\laravel\\framework\\src\\Illuminate\\Pipeline\\Pipeline.php(219): Illuminate\\Http\\Middleware\\HandleCors->handle()
#66 D:\\gitProject\\salescrm\\vendor\\laravel\\framework\\src\\Illuminate\\Http\\Middleware\\TrustProxies.php(58): Illuminate\\Pipeline\\Pipeline->{closure:{closure:Illuminate\\Pipeline\\Pipeline::carry():194}:195}()
#67 D:\\gitProject\\salescrm\\vendor\\laravel\\framework\\src\\Illuminate\\Pipeline\\Pipeline.php(219): Illuminate\\Http\\Middleware\\TrustProxies->handle()
#68 D:\\gitProject\\salescrm\\vendor\\laravel\\framework\\src\\Illuminate\\Foundation\\Http\\Middleware\\InvokeDeferredCallbacks.php(22): Illuminate\\Pipeline\\Pipeline->{closure:{closure:Illuminate\\Pipeline\\Pipeline::carry():194}:195}()
#69 D:\\gitProject\\salescrm\\vendor\\laravel\\framework\\src\\Illuminate\\Pipeline\\Pipeline.php(219): Illuminate\\Foundation\\Http\\Middleware\\InvokeDeferredCallbacks->handle()
#70 D:\\gitProject\\salescrm\\vendor\\laravel\\framework\\src\\Illuminate\\Http\\Middleware\\ValidatePathEncoding.php(26): Illuminate\\Pipeline\\Pipeline->{closure:{closure:Illuminate\\Pipeline\\Pipeline::carry():194}:195}()
#71 D:\\gitProject\\salescrm\\vendor\\laravel\\framework\\src\\Illuminate\\Pipeline\\Pipeline.php(219): Illuminate\\Http\\Middleware\\ValidatePathEncoding->handle()
#72 D:\\gitProject\\salescrm\\vendor\\laravel\\framework\\src\\Illuminate\\Pipeline\\Pipeline.php(137): Illuminate\\Pipeline\\Pipeline->{closure:{closure:Illuminate\\Pipeline\\Pipeline::carry():194}:195}()
#73 D:\\gitProject\\salescrm\\vendor\\laravel\\framework\\src\\Illuminate\\Foundation\\Http\\Kernel.php(175): Illuminate\\Pipeline\\Pipeline->then()
#74 D:\\gitProject\\salescrm\\vendor\\laravel\\framework\\src\\Illuminate\\Foundation\\Http\\Kernel.php(144): Illuminate\\Foundation\\Http\\Kernel->sendRequestThroughRouter()
#75 D:\\gitProject\\salescrm\\vendor\\laravel\\framework\\src\\Illuminate\\Foundation\\Application.php(1220): Illuminate\\Foundation\\Http\\Kernel->handle()
#76 D:\\gitProject\\salescrm\\public\\index.php(20): Illuminate\\Foundation\\Application->handleRequest()
#77 D:\\gitProject\\salescrm\\vendor\\laravel\\framework\\src\\Illuminate\\Foundation\\resources\\server.php(23): require_once('...')
#78 {main}
"} 
[2026-10-04 15:03:53] local.INFO: Storage settings loaded {"user_id":1,"settings":{"aws_access_key_id":"","aws_bucket":"","aws_default_region":"us-east-1","aws_endpoint":"","aws_secret_access_key":"","aws_url":"","storage_file_types":"jpg,png,webp,gif,pdf,doc,docx,txt,csv","storage_max_upload_size":"2048","storage_type":"local","wasabi_access_key":"","wasabi_bucket":"","wasabi_region":"us-east-1","wasabi_root":"","wasabi_secret_key":"","wasabi_url":""}} 
[2026-10-04 15:08:00] local.INFO: Impersonation ended {"timestamp":"2026-10-04 15:08:00"} 
[2026-10-04 15:08:56] local.INFO: Storage settings loaded {"user_id":1,"settings":{"aws_access_key_id":"","aws_bucket":"","aws_default_region":"us-east-1","aws_endpoint":"","aws_secret_access_key":"","aws_url":"","storage_file_types":"jpg,png,webp,gif,pdf,doc,docx,txt,csv","storage_max_upload_size":"2048","storage_type":"local","wasabi_access_key":"","wasabi_bucket":"","wasabi_region":"us-east-1","wasabi_root":"","wasabi_secret_key":"","wasabi_url":""}} 
[2026-10-04 15:13:59] local.INFO: Storage settings loaded {"user_id":1,"settings":{"aws_access_key_id":"","aws_bucket":"","aws_default_region":"us-east-1","aws_endpoint":"","aws_secret_access_key":"","aws_url":"","storage_file_types":"jpg,png,webp,gif,pdf,doc,docx,txt,csv","storage_max_upload_size":"2048","storage_type":"local","wasabi_access_key":"","wasabi_bucket":"","wasabi_region":"us-east-1","wasabi_root":"","wasabi_secret_key":"","wasabi_url":""}} 
[2026-10-04 15:19:04] local.INFO: Storage settings loaded {"user_id":1,"settings":{"aws_access_key_id":"","aws_bucket":"","aws_default_region":"us-east-1","aws_endpoint":"","aws_secret_access_key":"","aws_url":"","storage_file_types":"jpg,png,webp,gif,pdf,doc,docx,txt,csv","storage_max_upload_size":"2048","storage_type":"local","wasabi_access_key":"","wasabi_bucket":"","wasabi_region":"us-east-1","wasabi_root":"","wasabi_secret_key":"","wasabi_url":""}} 
[2026-10-04 15:24:04] local.INFO: Storage settings loaded {"user_id":1,"settings":{"aws_access_key_id":"","aws_bucket":"","aws_default_region":"us-east-1","aws_endpoint":"","aws_secret_access_key":"","aws_url":"","storage_file_types":"jpg,png,webp,gif,pdf,doc,docx,txt,csv","storage_max_upload_size":"2048","storage_type":"local","wasabi_access_key":"","wasabi_bucket":"","wasabi_region":"us-east-1","wasabi_root":"","wasabi_secret_key":"","wasabi_url":""}} 
[2026-10-04 15:39:53] local.INFO: Storage settings loaded {"user_id":1,"settings":{"aws_access_key_id":"","aws_bucket":"","aws_default_region":"us-east-1","aws_endpoint":"","aws_secret_access_key":"","aws_url":"","storage_file_types":"jpg,png,webp,gif,pdf,doc,docx,txt,csv","storage_max_upload_size":"2048","storage_type":"local","wasabi_access_key":"","wasabi_bucket":"","wasabi_region":"us-east-1","wasabi_root":"","wasabi_secret_key":"","wasabi_url":""}} 
[2026-10-04 15:44:54] local.INFO: Storage settings loaded {"user_id":1,"settings":{"aws_access_key_id":"","aws_bucket":"","aws_default_region":"us-east-1","aws_endpoint":"","aws_secret_access_key":"","aws_url":"","storage_file_types":"jpg,png,webp,gif,pdf,doc,docx,txt,csv","storage_max_upload_size":"2048","storage_type":"local","wasabi_access_key":"","wasabi_bucket":"","wasabi_region":"us-east-1","wasabi_root":"","wasabi_secret_key":"","wasabi_url":""}} 
[2026-10-04 15:49:57] local.INFO: Storage settings loaded {"user_id":1,"settings":{"aws_access_key_id":"","aws_bucket":"","aws_default_region":"us-east-1","aws_endpoint":"","aws_secret_access_key":"","aws_url":"","storage_file_types":"jpg,png,webp,gif,pdf,doc,docx,txt,csv","storage_max_upload_size":"2048","storage_type":"local","wasabi_access_key":"","wasabi_bucket":"","wasabi_region":"us-east-1","wasabi_root":"","wasabi_secret_key":"","wasabi_url":""}} 
[2026-10-04 17:26:47] local.INFO: Storage settings loaded {"user_id":1,"settings":{"aws_access_key_id":"","aws_bucket":"","aws_default_region":"us-east-1","aws_endpoint":"","aws_secret_access_key":"","aws_url":"","storage_file_types":"jpg,png,webp,gif,pdf,doc,docx,txt,csv","storage_max_upload_size":"2048","storage_type":"local","wasabi_access_key":"","wasabi_bucket":"","wasabi_region":"us-east-1","wasabi_root":"","wasabi_secret_key":"","wasabi_url":""}} 
[2026-10-04 17:31:47] local.INFO: Storage settings loaded {"user_id":1,"settings":{"aws_access_key_id":"","aws_bucket":"","aws_default_region":"us-east-1","aws_endpoint":"","aws_secret_access_key":"","aws_url":"","storage_file_types":"jpg,png,webp,gif,pdf,doc,docx,txt,csv","storage_max_upload_size":"2048","storage_type":"local","wasabi_access_key":"","wasabi_bucket":"","wasabi_region":"us-east-1","wasabi_root":"","wasabi_secret_key":"","wasabi_url":""}} 
[2026-10-04 17:37:02] local.INFO: Storage settings loaded {"user_id":1,"settings":{"aws_access_key_id":"","aws_bucket":"","aws_default_region":"us-east-1","aws_endpoint":"","aws_secret_access_key":"","aws_url":"","storage_file_types":"jpg,png,webp,gif,pdf,doc,docx,txt,csv","storage_max_upload_size":"2048","storage_type":"local","wasabi_access_key":"","wasabi_bucket":"","wasabi_region":"us-east-1","wasabi_root":"","wasabi_secret_key":"","wasabi_url":""}} 
[2026-10-04 17:43:49] local.INFO: Storage settings loaded {"user_id":1,"settings":{"aws_access_key_id":"","aws_bucket":"","aws_default_region":"us-east-1","aws_endpoint":"","aws_secret_access_key":"","aws_url":"","storage_file_types":"jpg,png,webp,gif,pdf,doc,docx,txt,csv","storage_max_upload_size":"2048","storage_type":"local","wasabi_access_key":"","wasabi_bucket":"","wasabi_region":"us-east-1","wasabi_root":"","wasabi_secret_key":"","wasabi_url":""}} 
[2026-10-04 17:46:49] local.INFO: Impersonation started {"acting_user_id":1,"impersonated_user_id":"4","ip_address":"127.0.0.1","timestamp":"2026-10-04 17:46:49"} 
[2026-10-04 17:48:02] local.INFO: Impersonation ended {"timestamp":"2026-10-04 17:48:02"} 
[2026-10-04 17:48:49] local.INFO: Storage settings loaded {"user_id":1,"settings":{"aws_access_key_id":"","aws_bucket":"","aws_default_region":"us-east-1","aws_endpoint":"","aws_secret_access_key":"","aws_url":"","storage_file_types":"jpg,png,webp,gif,pdf,doc,docx,txt,csv","storage_max_upload_size":"2048","storage_type":"local","wasabi_access_key":"","wasabi_bucket":"","wasabi_region":"us-east-1","wasabi_root":"","wasabi_secret_key":"","wasabi_url":""}} 
[2026-10-04 17:53:55] local.INFO: Storage settings loaded {"user_id":1,"settings":{"aws_access_key_id":"","aws_bucket":"","aws_default_region":"us-east-1","aws_endpoint":"","aws_secret_access_key":"","aws_url":"","storage_file_types":"jpg,png,webp,gif,pdf,doc,docx,txt,csv","storage_max_upload_size":"2048","storage_type":"local","wasabi_access_key":"","wasabi_bucket":"","wasabi_region":"us-east-1","wasabi_root":"","wasabi_secret_key":"","wasabi_url":""}} 
[2026-10-04 17:56:48] local.INFO: Impersonation started {"acting_user_id":1,"impersonated_user_id":"4","ip_address":"127.0.0.1","timestamp":"2026-10-04 17:56:48"} 
[2026-10-04 17:57:39] local.INFO: Impersonation ended {"timestamp":"2026-10-04 17:57:39"} 
[2026-10-04 17:59:01] local.INFO: Storage settings loaded {"user_id":1,"settings":{"aws_access_key_id":"","aws_bucket":"","aws_default_region":"us-east-1","aws_endpoint":"","aws_secret_access_key":"","aws_url":"","storage_file_types":"jpg,png,webp,gif,pdf,doc,docx,txt,csv","storage_max_upload_size":"2048","storage_type":"local","wasabi_access_key":"","wasabi_bucket":"","wasabi_region":"us-east-1","wasabi_root":"","wasabi_secret_key":"","wasabi_url":""}} 
[2026-10-04 18:02:11] local.ERROR: There is no permission named `view-all-attendance` for guard `web`. {"userId":8,"exception":"[object] (Spatie\\Permission\\Exceptions\\PermissionDoesNotExist(code: 0): There is no permission named `view-all-attendance` for guard `web`. at D:\\gitProject\\salescrm\\vendor\\spatie\\laravel-permission\\src\\Exceptions\\PermissionDoesNotExist.php:11)
[stacktrace]
#0 D:\\gitProject\\salescrm\\vendor\\spatie\\laravel-permission\\src\\Models\\Permission.php(96): Spatie\\Permission\\Exceptions\\PermissionDoesNotExist::create()
#1 D:\\gitProject\\salescrm\\vendor\\spatie\\laravel-permission\\src\\Traits\\HasPermissions.php(188): Spatie\\Permission\\Models\\Permission::findByName()
#2 D:\\gitProject\\salescrm\\vendor\\spatie\\laravel-permission\\src\\Traits\\HasPermissions.php(215): App\\Models\\User->filterPermission()
#3 D:\\gitProject\\salescrm\\app\\Http\\Controllers\\AttendanceController.php(34): App\\Models\\User->hasPermissionTo()
#4 D:\\gitProject\\salescrm\\vendor\\laravel\\framework\\src\\Illuminate\\Routing\\ControllerDispatcher.php(46): App\\Http\\Controllers\\AttendanceController->index()
#5 D:\\gitProject\\salescrm\\vendor\\laravel\\framework\\src\\Illuminate\\Routing\\Route.php(265): Illuminate\\Routing\\ControllerDispatcher->dispatch()
#6 D:\\gitProject\\salescrm\\vendor\\laravel\\framework\\src\\Illuminate\\Routing\\Route.php(211): Illuminate\\Routing\\Route->runController()
#7 D:\\gitProject\\salescrm\\vendor\\laravel\\framework\\src\\Illuminate\\Routing\\Router.php(808): Illuminate\\Routing\\Route->run()
#8 D:\\gitProject\\salescrm\\vendor\\laravel\\framework\\src\\Illuminate\\Pipeline\\Pipeline.php(180): Illuminate\\Routing\\Router->{closure:Illuminate\\Routing\\Router::runRouteWithinStack():807}()
#9 D:\\gitProject\\salescrm\\app\\Http\\Middleware\\CheckPlanAccess.php(85): Illuminate\\Pipeline\\Pipeline->{closure:Illuminate\\Pipeline\\Pipeline::prepareDestination():178}()
#10 D:\\gitProject\\salescrm\\vendor\\laravel\\framework\\src\\Illuminate\\Pipeline\\Pipeline.php(219): App\\Http\\Middleware\\CheckPlanAccess->handle()
#11 D:\\gitProject\\salescrm\\app\\Http\\Middleware\\EnsureEmailIsVerified.php(22): Illuminate\\Pipeline\\Pipeline->{closure:{closure:Illuminate\\Pipeline\\Pipeline::carry():194}:195}()
#12 D:\\gitProject\\salescrm\\vendor\\laravel\\framework\\src\\Illuminate\\Pipeline\\Pipeline.php(219): App\\Http\\Middleware\\EnsureEmailIsVerified->handle()
#13 D:\\gitProject\\salescrm\\app\\Http\\Middleware\\DemoModeMiddleware.php(17): Illuminate\\Pipeline\\Pipeline->{closure:{closure:Illuminate\\Pipeline\\Pipeline::carry():194}:195}()
#14 D:\\gitProject\\salescrm\\vendor\\laravel\\framework\\src\\Illuminate\\Pipeline\\Pipeline.php(219): App\\Http\\Middleware\\DemoModeMiddleware->handle()
#15 D:\\gitProject\\salescrm\\vendor\\laravel\\framework\\src\\Illuminate\\Http\\Middleware\\AddLinkHeadersForPreloadedAssets.php(32): Illuminate\\Pipeline\\Pipeline->{closure:{closure:Illuminate\\Pipeline\\Pipeline::carry():194}:195}()
#16 D:\\gitProject\\salescrm\\vendor\\laravel\\framework\\src\\Illuminate\\Pipeline\\Pipeline.php(219): Illuminate\\Http\\Middleware\\AddLinkHeadersForPreloadedAssets->handle()
#17 D:\\gitProject\\salescrm\\vendor\\inertiajs\\inertia-laravel\\src\\Middleware.php(122): Illuminate\\Pipeline\\Pipeline->{closure:{closure:Illuminate\\Pipeline\\Pipeline::carry():194}:195}()
#18 D:\\gitProject\\salescrm\\vendor\\laravel\\framework\\src\\Illuminate\\Pipeline\\Pipeline.php(219): Inertia\\Middleware->handle()
#19 D:\\gitProject\\salescrm\\app\\Http\\Middleware\\ShareGlobalSettings.php(31): Illuminate\\Pipeline\\Pipeline->{closure:{closure:Illuminate\\Pipeline\\Pipeline::carry():194}:195}()
#20 D:\\gitProject\\salescrm\\vendor\\laravel\\framework\\src\\Illuminate\\Pipeline\\Pipeline.php(219): App\\Http\\Middleware\\ShareGlobalSettings->handle()
#21 D:\\gitProject\\salescrm\\app\\Http\\Middleware\\HandleAppearance.php(21): Illuminate\\Pipeline\\Pipeline->{closure:{closure:Illuminate\\Pipeline\\Pipeline::carry():194}:195}()
#22 D:\\gitProject\\salescrm\\vendor\\laravel\\framework\\src\\Illuminate\\Pipeline\\Pipeline.php(219): App\\Http\\Middleware\\HandleAppearance->handle()
#23 D:\\gitProject\\salescrm\\app\\Http\\Middleware\\CheckInstallation.php(28): Illuminate\\Pipeline\\Pipeline->{closure:{closure:Illuminate\\Pipeline\\Pipeline::carry():194}:195}()
#24 D:\\gitProject\\salescrm\\vendor\\laravel\\framework\\src\\Illuminate\\Pipeline\\Pipeline.php(219): App\\Http\\Middleware\\CheckInstallation->handle()
#25 D:\\gitProject\\salescrm\\vendor\\laravel\\framework\\src\\Illuminate\\Routing\\Middleware\\SubstituteBindings.php(50): Illuminate\\Pipeline\\Pipeline->{closure:{closure:Illuminate\\Pipeline\\Pipeline::carry():194}:195}()
#26 D:\\gitProject\\salescrm\\vendor\\laravel\\framework\\src\\Illuminate\\Pipeline\\Pipeline.php(219): Illuminate\\Routing\\Middleware\\SubstituteBindings->handle()
#27 D:\\gitProject\\salescrm\\vendor\\laravel\\framework\\src\\Illuminate\\Auth\\Middleware\\Authenticate.php(63): Illuminate\\Pipeline\\Pipeline->{closure:{closure:Illuminate\\Pipeline\\Pipeline::carry():194}:195}()
#28 D:\\gitProject\\salescrm\\vendor\\laravel\\framework\\src\\Illuminate\\Pipeline\\Pipeline.php(219): Illuminate\\Auth\\Middleware\\Authenticate->handle()
#29 D:\\gitProject\\salescrm\\vendor\\laravel\\framework\\src\\Illuminate\\Foundation\\Http\\Middleware\\VerifyCsrfToken.php(87): Illuminate\\Pipeline\\Pipeline->{closure:{closure:Illuminate\\Pipeline\\Pipeline::carry():194}:195}()
#30 D:\\gitProject\\salescrm\\vendor\\laravel\\framework\\src\\Illuminate\\Pipeline\\Pipeline.php(219): Illuminate\\Foundation\\Http\\Middleware\\VerifyCsrfToken->handle()
#31 D:\\gitProject\\salescrm\\vendor\\laravel\\framework\\src\\Illuminate\\View\\Middleware\\ShareErrorsFromSession.php(48): Illuminate\\Pipeline\\Pipeline->{closure:{closure:Illuminate\\Pipeline\\Pipeline::carry():194}:195}()
#32 D:\\gitProject\\salescrm\\vendor\\laravel\\framework\\src\\Illuminate\\Pipeline\\Pipeline.php(219): Illuminate\\View\\Middleware\\ShareErrorsFromSession->handle()
#33 D:\\gitProject\\salescrm\\vendor\\laravel\\framework\\src\\Illuminate\\Session\\Middleware\\StartSession.php(120): Illuminate\\Pipeline\\Pipeline->{closure:{closure:Illuminate\\Pipeline\\Pipeline::carry():194}:195}()
#34 D:\\gitProject\\salescrm\\vendor\\laravel\\framework\\src\\Illuminate\\Session\\Middleware\\StartSession.php(63): Illuminate\\Session\\Middleware\\StartSession->handleStatefulRequest()
#35 D:\\gitProject\\salescrm\\vendor\\laravel\\framework\\src\\Illuminate\\Pipeline\\Pipeline.php(219): Illuminate\\Session\\Middleware\\StartSession->handle()
#36 D:\\gitProject\\salescrm\\vendor\\laravel\\framework\\src\\Illuminate\\Cookie\\Middleware\\AddQueuedCookiesToResponse.php(36): Illuminate\\Pipeline\\Pipeline->{closure:{closure:Illuminate\\Pipeline\\Pipeline::carry():194}:195}()
#37 D:\\gitProject\\salescrm\\vendor\\laravel\\framework\\src\\Illuminate\\Pipeline\\Pipeline.php(219): Illuminate\\Cookie\\Middleware\\AddQueuedCookiesToResponse->handle()
#38 D:\\gitProject\\salescrm\\vendor\\laravel\\framework\\src\\Illuminate\\Cookie\\Middleware\\EncryptCookies.php(74): Illuminate\\Pipeline\\Pipeline->{closure:{closure:Illuminate\\Pipeline\\Pipeline::carry():194}:195}()
#39 D:\\gitProject\\salescrm\\vendor\\laravel\\framework\\src\\Illuminate\\Pipeline\\Pipeline.php(219): Illuminate\\Cookie\\Middleware\\EncryptCookies->handle()
#40 D:\\gitProject\\salescrm\\vendor\\laravel\\framework\\src\\Illuminate\\Pipeline\\Pipeline.php(137): Illuminate\\Pipeline\\Pipeline->{closure:{closure:Illuminate\\Pipeline\\Pipeline::carry():194}:195}()
#41 D:\\gitProject\\salescrm\\vendor\\laravel\\framework\\src\\Illuminate\\Routing\\Router.php(807): Illuminate\\Pipeline\\Pipeline->then()
#42 D:\\gitProject\\salescrm\\vendor\\laravel\\framework\\src\\Illuminate\\Routing\\Router.php(786): Illuminate\\Routing\\Router->runRouteWithinStack()
#43 D:\\gitProject\\salescrm\\vendor\\laravel\\framework\\src\\Illuminate\\Routing\\Router.php(750): Illuminate\\Routing\\Router->runRoute()
#44 D:\\gitProject\\salescrm\\vendor\\laravel\\framework\\src\\Illuminate\\Routing\\Router.php(739): Illuminate\\Routing\\Router->dispatchToRoute()
#45 D:\\gitProject\\salescrm\\vendor\\laravel\\framework\\src\\Illuminate\\Foundation\\Http\\Kernel.php(200): Illuminate\\Routing\\Router->dispatch()
#46 D:\\gitProject\\salescrm\\vendor\\laravel\\framework\\src\\Illuminate\\Pipeline\\Pipeline.php(180): Illuminate\\Foundation\\Http\\Kernel->{closure:Illuminate\\Foundation\\Http\\Kernel::dispatchToRouter():197}()
#47 D:\\gitProject\\salescrm\\vendor\\laravel\\framework\\src\\Illuminate\\Foundation\\Http\\Middleware\\TransformsRequest.php(21): Illuminate\\Pipeline\\Pipeline->{closure:Illuminate\\Pipeline\\Pipeline::prepareDestination():178}()
#48 D:\\gitProject\\salescrm\\vendor\\laravel\\framework\\src\\Illuminate\\Foundation\\Http\\Middleware\\ConvertEmptyStringsToNull.php(31): Illuminate\\Foundation\\Http\\Middleware\\TransformsRequest->handle()
#49 D:\\gitProject\\salescrm\\vendor\\laravel\\framework\\src\\Illuminate\\Pipeline\\Pipeline.php(219): Illuminate\\Foundation\\Http\\Middleware\\ConvertEmptyStringsToNull->handle()
#50 D:\\gitProject\\salescrm\\vendor\\laravel\\framework\\src\\Illuminate\\Foundation\\Http\\Middleware\\TransformsRequest.php(21): Illuminate\\Pipeline\\Pipeline->{closure:{closure:Illuminate\\Pipeline\\Pipeline::carry():194}:195}()
#51 D:\\gitProject\\salescrm\\vendor\\laravel\\framework\\src\\Illuminate\\Foundation\\Http\\Middleware\\TrimStrings.php(51): Illuminate\\Foundation\\Http\\Middleware\\TransformsRequest->handle()
#52 D:\\gitProject\\salescrm\\vendor\\laravel\\framework\\src\\Illuminate\\Pipeline\\Pipeline.php(219): Illuminate\\Foundation\\Http\\Middleware\\TrimStrings->handle()
#53 D:\\gitProject\\salescrm\\vendor\\laravel\\framework\\src\\Illuminate\\Http\\Middleware\\ValidatePostSize.php(27): Illuminate\\Pipeline\\Pipeline->{closure:{closure:Illuminate\\Pipeline\\Pipeline::carry():194}:195}()
#54 D:\\gitProject\\salescrm\\vendor\\laravel\\framework\\src\\Illuminate\\Pipeline\\Pipeline.php(219): Illuminate\\Http\\Middleware\\ValidatePostSize->handle()
#55 D:\\gitProject\\salescrm\\vendor\\laravel\\framework\\src\\Illuminate\\Foundation\\Http\\Middleware\\PreventRequestsDuringMaintenance.php(109): Illuminate\\Pipeline\\Pipeline->{closure:{closure:Illuminate\\Pipeline\\Pipeline::carry():194}:195}()
#56 D:\\gitProject\\salescrm\\vendor\\laravel\\framework\\src\\Illuminate\\Pipeline\\Pipeline.php(219): Illuminate\\Foundation\\Http\\Middleware\\PreventRequestsDuringMaintenance->handle()
#57 D:\\gitProject\\salescrm\\vendor\\laravel\\framework\\src\\Illuminate\\Http\\Middleware\\HandleCors.php(48): Illuminate\\Pipeline\\Pipeline->{closure:{closure:Illuminate\\Pipeline\\Pipeline::carry():194}:195}()
#58 D:\\gitProject\\salescrm\\vendor\\laravel\\framework\\src\\Illuminate\\Pipeline\\Pipeline.php(219): Illuminate\\Http\\Middleware\\HandleCors->handle()
#59 D:\\gitProject\\salescrm\\vendor\\laravel\\framework\\src\\Illuminate\\Http\\Middleware\\TrustProxies.php(58): Illuminate\\Pipeline\\Pipeline->{closure:{closure:Illuminate\\Pipeline\\Pipeline::carry():194}:195}()
#60 D:\\gitProject\\salescrm\\vendor\\laravel\\framework\\src\\Illuminate\\Pipeline\\Pipeline.php(219): Illuminate\\Http\\Middleware\\TrustProxies->handle()
#61 D:\\gitProject\\salescrm\\vendor\\laravel\\framework\\src\\Illuminate\\Foundation\\Http\\Middleware\\InvokeDeferredCallbacks.php(22): Illuminate\\Pipeline\\Pipeline->{closure:{closure:Illuminate\\Pipeline\\Pipeline::carry():194}:195}()
#62 D:\\gitProject\\salescrm\\vendor\\laravel\\framework\\src\\Illuminate\\Pipeline\\Pipeline.php(219): Illuminate\\Foundation\\Http\\Middleware\\InvokeDeferredCallbacks->handle()
#63 D:\\gitProject\\salescrm\\vendor\\laravel\\framework\\src\\Illuminate\\Http\\Middleware\\ValidatePathEncoding.php(26): Illuminate\\Pipeline\\Pipeline->{closure:{closure:Illuminate\\Pipeline\\Pipeline::carry():194}:195}()
#64 D:\\gitProject\\salescrm\\vendor\\laravel\\framework\\src\\Illuminate\\Pipeline\\Pipeline.php(219): Illuminate\\Http\\Middleware\\ValidatePathEncoding->handle()
#65 D:\\gitProject\\salescrm\\vendor\\laravel\\framework\\src\\Illuminate\\Pipeline\\Pipeline.php(137): Illuminate\\Pipeline\\Pipeline->{closure:{closure:Illuminate\\Pipeline\\Pipeline::carry():194}:195}()
#66 D:\\gitProject\\salescrm\\vendor\\laravel\\framework\\src\\Illuminate\\Foundation\\Http\\Kernel.php(175): Illuminate\\Pipeline\\Pipeline->then()
#67 D:\\gitProject\\salescrm\\vendor\\laravel\\framework\\src\\Illuminate\\Foundation\\Http\\Kernel.php(144): Illuminate\\Foundation\\Http\\Kernel->sendRequestThroughRouter()
#68 D:\\gitProject\\salescrm\\vendor\\laravel\\framework\\src\\Illuminate\\Foundation\\Application.php(1220): Illuminate\\Foundation\\Http\\Kernel->handle()
#69 D:\\gitProject\\salescrm\\public\\index.php(20): Illuminate\\Foundation\\Application->handleRequest()
#70 D:\\gitProject\\salescrm\\vendor\\laravel\\framework\\src\\Illuminate\\Foundation\\resources\\server.php(23): require_once('...')
#71 {main}
"} 
[2026-10-04 18:02:22] local.ERROR: There is no permission named `view-all-attendance` for guard `web`. {"userId":8,"exception":"[object] (Spatie\\Permission\\Exceptions\\PermissionDoesNotExist(code: 0): There is no permission named `view-all-attendance` for guard `web`. at D:\\gitProject\\salescrm\\vendor\\spatie\\laravel-permission\\src\\Exceptions\\PermissionDoesNotExist.php:11)
[stacktrace]
#0 D:\\gitProject\\salescrm\\vendor\\spatie\\laravel-permission\\src\\Models\\Permission.php(96): Spatie\\Permission\\Exceptions\\PermissionDoesNotExist::create()
#1 D:\\gitProject\\salescrm\\vendor\\spatie\\laravel-permission\\src\\Traits\\HasPermissions.php(188): Spatie\\Permission\\Models\\Permission::findByName()
#2 D:\\gitProject\\salescrm\\vendor\\spatie\\laravel-permission\\src\\Traits\\HasPermissions.php(215): App\\Models\\User->filterPermission()
#3 D:\\gitProject\\salescrm\\app\\Http\\Controllers\\AttendanceController.php(34): App\\Models\\User->hasPermissionTo()
#4 D:\\gitProject\\salescrm\\vendor\\laravel\\framework\\src\\Illuminate\\Routing\\ControllerDispatcher.php(46): App\\Http\\Controllers\\AttendanceController->index()
#5 D:\\gitProject\\salescrm\\vendor\\laravel\\framework\\src\\Illuminate\\Routing\\Route.php(265): Illuminate\\Routing\\ControllerDispatcher->dispatch()
#6 D:\\gitProject\\salescrm\\vendor\\laravel\\framework\\src\\Illuminate\\Routing\\Route.php(211): Illuminate\\Routing\\Route->runController()
#7 D:\\gitProject\\salescrm\\vendor\\laravel\\framework\\src\\Illuminate\\Routing\\Router.php(808): Illuminate\\Routing\\Route->run()
#8 D:\\gitProject\\salescrm\\vendor\\laravel\\framework\\src\\Illuminate\\Pipeline\\Pipeline.php(180): Illuminate\\Routing\\Router->{closure:Illuminate\\Routing\\Router::runRouteWithinStack():807}()
#9 D:\\gitProject\\salescrm\\app\\Http\\Middleware\\CheckPlanAccess.php(85): Illuminate\\Pipeline\\Pipeline->{closure:Illuminate\\Pipeline\\Pipeline::prepareDestination():178}()
#10 D:\\gitProject\\salescrm\\vendor\\laravel\\framework\\src\\Illuminate\\Pipeline\\Pipeline.php(219): App\\Http\\Middleware\\CheckPlanAccess->handle()
#11 D:\\gitProject\\salescrm\\app\\Http\\Middleware\\EnsureEmailIsVerified.php(22): Illuminate\\Pipeline\\Pipeline->{closure:{closure:Illuminate\\Pipeline\\Pipeline::carry():194}:195}()
#12 D:\\gitProject\\salescrm\\vendor\\laravel\\framework\\src\\Illuminate\\Pipeline\\Pipeline.php(219): App\\Http\\Middleware\\EnsureEmailIsVerified->handle()
#13 D:\\gitProject\\salescrm\\app\\Http\\Middleware\\DemoModeMiddleware.php(17): Illuminate\\Pipeline\\Pipeline->{closure:{closure:Illuminate\\Pipeline\\Pipeline::carry():194}:195}()
#14 D:\\gitProject\\salescrm\\vendor\\laravel\\framework\\src\\Illuminate\\Pipeline\\Pipeline.php(219): App\\Http\\Middleware\\DemoModeMiddleware->handle()
#15 D:\\gitProject\\salescrm\\vendor\\laravel\\framework\\src\\Illuminate\\Http\\Middleware\\AddLinkHeadersForPreloadedAssets.php(32): Illuminate\\Pipeline\\Pipeline->{closure:{closure:Illuminate\\Pipeline\\Pipeline::carry():194}:195}()
#16 D:\\gitProject\\salescrm\\vendor\\laravel\\framework\\src\\Illuminate\\Pipeline\\Pipeline.php(219): Illuminate\\Http\\Middleware\\AddLinkHeadersForPreloadedAssets->handle()
#17 D:\\gitProject\\salescrm\\vendor\\inertiajs\\inertia-laravel\\src\\Middleware.php(122): Illuminate\\Pipeline\\Pipeline->{closure:{closure:Illuminate\\Pipeline\\Pipeline::carry():194}:195}()
#18 D:\\gitProject\\salescrm\\vendor\\laravel\\framework\\src\\Illuminate\\Pipeline\\Pipeline.php(219): Inertia\\Middleware->handle()
#19 D:\\gitProject\\salescrm\\app\\Http\\Middleware\\ShareGlobalSettings.php(31): Illuminate\\Pipeline\\Pipeline->{closure:{closure:Illuminate\\Pipeline\\Pipeline::carry():194}:195}()
#20 D:\\gitProject\\salescrm\\vendor\\laravel\\framework\\src\\Illuminate\\Pipeline\\Pipeline.php(219): App\\Http\\Middleware\\ShareGlobalSettings->handle()
#21 D:\\gitProject\\salescrm\\app\\Http\\Middleware\\HandleAppearance.php(21): Illuminate\\Pipeline\\Pipeline->{closure:{closure:Illuminate\\Pipeline\\Pipeline::carry():194}:195}()
#22 D:\\gitProject\\salescrm\\vendor\\laravel\\framework\\src\\Illuminate\\Pipeline\\Pipeline.php(219): App\\Http\\Middleware\\HandleAppearance->handle()
#23 D:\\gitProject\\salescrm\\app\\Http\\Middleware\\CheckInstallation.php(28): Illuminate\\Pipeline\\Pipeline->{closure:{closure:Illuminate\\Pipeline\\Pipeline::carry():194}:195}()
#24 D:\\gitProject\\salescrm\\vendor\\laravel\\framework\\src\\Illuminate\\Pipeline\\Pipeline.php(219): App\\Http\\Middleware\\CheckInstallation->handle()
#25 D:\\gitProject\\salescrm\\vendor\\laravel\\framework\\src\\Illuminate\\Routing\\Middleware\\SubstituteBindings.php(50): Illuminate\\Pipeline\\Pipeline->{closure:{closure:Illuminate\\Pipeline\\Pipeline::carry():194}:195}()
#26 D:\\gitProject\\salescrm\\vendor\\laravel\\framework\\src\\Illuminate\\Pipeline\\Pipeline.php(219): Illuminate\\Routing\\Middleware\\SubstituteBindings->handle()
#27 D:\\gitProject\\salescrm\\vendor\\laravel\\framework\\src\\Illuminate\\Auth\\Middleware\\Authenticate.php(63): Illuminate\\Pipeline\\Pipeline->{closure:{closure:Illuminate\\Pipeline\\Pipeline::carry():194}:195}()
#28 D:\\gitProject\\salescrm\\vendor\\laravel\\framework\\src\\Illuminate\\Pipeline\\Pipeline.php(219): Illuminate\\Auth\\Middleware\\Authenticate->handle()
#29 D:\\gitProject\\salescrm\\vendor\\laravel\\framework\\src\\Illuminate\\Foundation\\Http\\Middleware\\VerifyCsrfToken.php(87): Illuminate\\Pipeline\\Pipeline->{closure:{closure:Illuminate\\Pipeline\\Pipeline::carry():194}:195}()
#30 D:\\gitProject\\salescrm\\vendor\\laravel\\framework\\src\\Illuminate\\Pipeline\\Pipeline.php(219): Illuminate\\Foundation\\Http\\Middleware\\VerifyCsrfToken->handle()
#31 D:\\gitProject\\salescrm\\vendor\\laravel\\framework\\src\\Illuminate\\View\\Middleware\\ShareErrorsFromSession.php(48): Illuminate\\Pipeline\\Pipeline->{closure:{closure:Illuminate\\Pipeline\\Pipeline::carry():194}:195}()
#32 D:\\gitProject\\salescrm\\vendor\\laravel\\framework\\src\\Illuminate\\Pipeline\\Pipeline.php(219): Illuminate\\View\\Middleware\\ShareErrorsFromSession->handle()
#33 D:\\gitProject\\salescrm\\vendor\\laravel\\framework\\src\\Illuminate\\Session\\Middleware\\StartSession.php(120): Illuminate\\Pipeline\\Pipeline->{closure:{closure:Illuminate\\Pipeline\\Pipeline::carry():194}:195}()
#34 D:\\gitProject\\salescrm\\vendor\\laravel\\framework\\src\\Illuminate\\Session\\Middleware\\StartSession.php(63): Illuminate\\Session\\Middleware\\StartSession->handleStatefulRequest()
#35 D:\\gitProject\\salescrm\\vendor\\laravel\\framework\\src\\Illuminate\\Pipeline\\Pipeline.php(219): Illuminate\\Session\\Middleware\\StartSession->handle()
#36 D:\\gitProject\\salescrm\\vendor\\laravel\\framework\\src\\Illuminate\\Cookie\\Middleware\\AddQueuedCookiesToResponse.php(36): Illuminate\\Pipeline\\Pipeline->{closure:{closure:Illuminate\\Pipeline\\Pipeline::carry():194}:195}()
#37 D:\\gitProject\\salescrm\\vendor\\laravel\\framework\\src\\Illuminate\\Pipeline\\Pipeline.php(219): Illuminate\\Cookie\\Middleware\\AddQueuedCookiesToResponse->handle()
#38 D:\\gitProject\\salescrm\\vendor\\laravel\\framework\\src\\Illuminate\\Cookie\\Middleware\\EncryptCookies.php(74): Illuminate\\Pipeline\\Pipeline->{closure:{closure:Illuminate\\Pipeline\\Pipeline::carry():194}:195}()
#39 D:\\gitProject\\salescrm\\vendor\\laravel\\framework\\src\\Illuminate\\Pipeline\\Pipeline.php(219): Illuminate\\Cookie\\Middleware\\EncryptCookies->handle()
#40 D:\\gitProject\\salescrm\\vendor\\laravel\\framework\\src\\Illuminate\\Pipeline\\Pipeline.php(137): Illuminate\\Pipeline\\Pipeline->{closure:{closure:Illuminate\\Pipeline\\Pipeline::carry():194}:195}()
#41 D:\\gitProject\\salescrm\\vendor\\laravel\\framework\\src\\Illuminate\\Routing\\Router.php(807): Illuminate\\Pipeline\\Pipeline->then()
#42 D:\\gitProject\\salescrm\\vendor\\laravel\\framework\\src\\Illuminate\\Routing\\Router.php(786): Illuminate\\Routing\\Router->runRouteWithinStack()
#43 D:\\gitProject\\salescrm\\vendor\\laravel\\framework\\src\\Illuminate\\Routing\\Router.php(750): Illuminate\\Routing\\Router->runRoute()
#44 D:\\gitProject\\salescrm\\vendor\\laravel\\framework\\src\\Illuminate\\Routing\\Router.php(739): Illuminate\\Routing\\Router->dispatchToRoute()
#45 D:\\gitProject\\salescrm\\vendor\\laravel\\framework\\src\\Illuminate\\Foundation\\Http\\Kernel.php(200): Illuminate\\Routing\\Router->dispatch()
#46 D:\\gitProject\\salescrm\\vendor\\laravel\\framework\\src\\Illuminate\\Pipeline\\Pipeline.php(180): Illuminate\\Foundation\\Http\\Kernel->{closure:Illuminate\\Foundation\\Http\\Kernel::dispatchToRouter():197}()
#47 D:\\gitProject\\salescrm\\vendor\\laravel\\framework\\src\\Illuminate\\Foundation\\Http\\Middleware\\TransformsRequest.php(21): Illuminate\\Pipeline\\Pipeline->{closure:Illuminate\\Pipeline\\Pipeline::prepareDestination():178}()
#48 D:\\gitProject\\salescrm\\vendor\\laravel\\framework\\src\\Illuminate\\Foundation\\Http\\Middleware\\ConvertEmptyStringsToNull.php(31): Illuminate\\Foundation\\Http\\Middleware\\TransformsRequest->handle()
#49 D:\\gitProject\\salescrm\\vendor\\laravel\\framework\\src\\Illuminate\\Pipeline\\Pipeline.php(219): Illuminate\\Foundation\\Http\\Middleware\\ConvertEmptyStringsToNull->handle()
#50 D:\\gitProject\\salescrm\\vendor\\laravel\\framework\\src\\Illuminate\\Foundation\\Http\\Middleware\\TransformsRequest.php(21): Illuminate\\Pipeline\\Pipeline->{closure:{closure:Illuminate\\Pipeline\\Pipeline::carry():194}:195}()
#51 D:\\gitProject\\salescrm\\vendor\\laravel\\framework\\src\\Illuminate\\Foundation\\Http\\Middleware\\TrimStrings.php(51): Illuminate\\Foundation\\Http\\Middleware\\TransformsRequest->handle()
#52 D:\\gitProject\\salescrm\\vendor\\laravel\\framework\\src\\Illuminate\\Pipeline\\Pipeline.php(219): Illuminate\\Foundation\\Http\\Middleware\\TrimStrings->handle()
#53 D:\\gitProject\\salescrm\\vendor\\laravel\\framework\\src\\Illuminate\\Http\\Middleware\\ValidatePostSize.php(27): Illuminate\\Pipeline\\Pipeline->{closure:{closure:Illuminate\\Pipeline\\Pipeline::carry():194}:195}()
#54 D:\\gitProject\\salescrm\\vendor\\laravel\\framework\\src\\Illuminate\\Pipeline\\Pipeline.php(219): Illuminate\\Http\\Middleware\\ValidatePostSize->handle()
#55 D:\\gitProject\\salescrm\\vendor\\laravel\\framework\\src\\Illuminate\\Foundation\\Http\\Middleware\\PreventRequestsDuringMaintenance.php(109): Illuminate\\Pipeline\\Pipeline->{closure:{closure:Illuminate\\Pipeline\\Pipeline::carry():194}:195}()
#56 D:\\gitProject\\salescrm\\vendor\\laravel\\framework\\src\\Illuminate\\Pipeline\\Pipeline.php(219): Illuminate\\Foundation\\Http\\Middleware\\PreventRequestsDuringMaintenance->handle()
#57 D:\\gitProject\\salescrm\\vendor\\laravel\\framework\\src\\Illuminate\\Http\\Middleware\\HandleCors.php(48): Illuminate\\Pipeline\\Pipeline->{closure:{closure:Illuminate\\Pipeline\\Pipeline::carry():194}:195}()
#58 D:\\gitProject\\salescrm\\vendor\\laravel\\framework\\src\\Illuminate\\Pipeline\\Pipeline.php(219): Illuminate\\Http\\Middleware\\HandleCors->handle()
#59 D:\\gitProject\\salescrm\\vendor\\laravel\\framework\\src\\Illuminate\\Http\\Middleware\\TrustProxies.php(58): Illuminate\\Pipeline\\Pipeline->{closure:{closure:Illuminate\\Pipeline\\Pipeline::carry():194}:195}()
#60 D:\\gitProject\\salescrm\\vendor\\laravel\\framework\\src\\Illuminate\\Pipeline\\Pipeline.php(219): Illuminate\\Http\\Middleware\\TrustProxies->handle()
#61 D:\\gitProject\\salescrm\\vendor\\laravel\\framework\\src\\Illuminate\\Foundation\\Http\\Middleware\\InvokeDeferredCallbacks.php(22): Illuminate\\Pipeline\\Pipeline->{closure:{closure:Illuminate\\Pipeline\\Pipeline::carry():194}:195}()
#62 D:\\gitProject\\salescrm\\vendor\\laravel\\framework\\src\\Illuminate\\Pipeline\\Pipeline.php(219): Illuminate\\Foundation\\Http\\Middleware\\InvokeDeferredCallbacks->handle()
#63 D:\\gitProject\\salescrm\\vendor\\laravel\\framework\\src\\Illuminate\\Http\\Middleware\\ValidatePathEncoding.php(26): Illuminate\\Pipeline\\Pipeline->{closure:{closure:Illuminate\\Pipeline\\Pipeline::carry():194}:195}()
#64 D:\\gitProject\\salescrm\\vendor\\laravel\\framework\\src\\Illuminate\\Pipeline\\Pipeline.php(219): Illuminate\\Http\\Middleware\\ValidatePathEncoding->handle()
#65 D:\\gitProject\\salescrm\\vendor\\laravel\\framework\\src\\Illuminate\\Pipeline\\Pipeline.php(137): Illuminate\\Pipeline\\Pipeline->{closure:{closure:Illuminate\\Pipeline\\Pipeline::carry():194}:195}()
#66 D:\\gitProject\\salescrm\\vendor\\laravel\\framework\\src\\Illuminate\\Foundation\\Http\\Kernel.php(175): Illuminate\\Pipeline\\Pipeline->then()
#67 D:\\gitProject\\salescrm\\vendor\\laravel\\framework\\src\\Illuminate\\Foundation\\Http\\Kernel.php(144): Illuminate\\Foundation\\Http\\Kernel->sendRequestThroughRouter()
#68 D:\\gitProject\\salescrm\\vendor\\laravel\\framework\\src\\Illuminate\\Foundation\\Application.php(1220): Illuminate\\Foundation\\Http\\Kernel->handle()
#69 D:\\gitProject\\salescrm\\public\\index.php(20): Illuminate\\Foundation\\Application->handleRequest()
#70 D:\\gitProject\\salescrm\\vendor\\laravel\\framework\\src\\Illuminate\\Foundation\\resources\\server.php(23): require_once('...')
#71 {main}
"} 
[2026-10-04 18:02:58] local.ERROR: There is no permission named `approve-attendance-requests` for guard `web`. {"userId":8,"exception":"[object] (Spatie\\Permission\\Exceptions\\PermissionDoesNotExist(code: 0): There is no permission named `approve-attendance-requests` for guard `web`. at D:\\gitProject\\salescrm\\vendor\\spatie\\laravel-permission\\src\\Exceptions\\PermissionDoesNotExist.php:11)
[stacktrace]
#0 D:\\gitProject\\salescrm\\vendor\\spatie\\laravel-permission\\src\\Models\\Permission.php(96): Spatie\\Permission\\Exceptions\\PermissionDoesNotExist::create()
#1 D:\\gitProject\\salescrm\\vendor\\spatie\\laravel-permission\\src\\Traits\\HasPermissions.php(188): Spatie\\Permission\\Models\\Permission::findByName()
#2 D:\\gitProject\\salescrm\\vendor\\spatie\\laravel-permission\\src\\Traits\\HasPermissions.php(215): App\\Models\\User->filterPermission()
#3 D:\\gitProject\\salescrm\\app\\Http\\Controllers\\AttendanceController.php(451): App\\Models\\User->hasPermissionTo()
#4 D:\\gitProject\\salescrm\\vendor\\laravel\\framework\\src\\Illuminate\\Routing\\ControllerDispatcher.php(46): App\\Http\\Controllers\\AttendanceController->requests()
#5 D:\\gitProject\\salescrm\\vendor\\laravel\\framework\\src\\Illuminate\\Routing\\Route.php(265): Illuminate\\Routing\\ControllerDispatcher->dispatch()
#6 D:\\gitProject\\salescrm\\vendor\\laravel\\framework\\src\\Illuminate\\Routing\\Route.php(211): Illuminate\\Routing\\Route->runController()
#7 D:\\gitProject\\salescrm\\vendor\\laravel\\framework\\src\\Illuminate\\Routing\\Router.php(808): Illuminate\\Routing\\Route->run()
#8 D:\\gitProject\\salescrm\\vendor\\laravel\\framework\\src\\Illuminate\\Pipeline\\Pipeline.php(180): Illuminate\\Routing\\Router->{closure:Illuminate\\Routing\\Router::runRouteWithinStack():807}()
#9 D:\\gitProject\\salescrm\\app\\Http\\Middleware\\CheckPlanAccess.php(85): Illuminate\\Pipeline\\Pipeline->{closure:Illuminate\\Pipeline\\Pipeline::prepareDestination():178}()
#10 D:\\gitProject\\salescrm\\vendor\\laravel\\framework\\src\\Illuminate\\Pipeline\\Pipeline.php(219): App\\Http\\Middleware\\CheckPlanAccess->handle()
#11 D:\\gitProject\\salescrm\\app\\Http\\Middleware\\EnsureEmailIsVerified.php(22): Illuminate\\Pipeline\\Pipeline->{closure:{closure:Illuminate\\Pipeline\\Pipeline::carry():194}:195}()
#12 D:\\gitProject\\salescrm\\vendor\\laravel\\framework\\src\\Illuminate\\Pipeline\\Pipeline.php(219): App\\Http\\Middleware\\EnsureEmailIsVerified->handle()
#13 D:\\gitProject\\salescrm\\app\\Http\\Middleware\\DemoModeMiddleware.php(17): Illuminate\\Pipeline\\Pipeline->{closure:{closure:Illuminate\\Pipeline\\Pipeline::carry():194}:195}()
#14 D:\\gitProject\\salescrm\\vendor\\laravel\\framework\\src\\Illuminate\\Pipeline\\Pipeline.php(219): App\\Http\\Middleware\\DemoModeMiddleware->handle()
#15 D:\\gitProject\\salescrm\\vendor\\laravel\\framework\\src\\Illuminate\\Http\\Middleware\\AddLinkHeadersForPreloadedAssets.php(32): Illuminate\\Pipeline\\Pipeline->{closure:{closure:Illuminate\\Pipeline\\Pipeline::carry():194}:195}()
#16 D:\\gitProject\\salescrm\\vendor\\laravel\\framework\\src\\Illuminate\\Pipeline\\Pipeline.php(219): Illuminate\\Http\\Middleware\\AddLinkHeadersForPreloadedAssets->handle()
#17 D:\\gitProject\\salescrm\\vendor\\inertiajs\\inertia-laravel\\src\\Middleware.php(122): Illuminate\\Pipeline\\Pipeline->{closure:{closure:Illuminate\\Pipeline\\Pipeline::carry():194}:195}()
#18 D:\\gitProject\\salescrm\\vendor\\laravel\\framework\\src\\Illuminate\\Pipeline\\Pipeline.php(219): Inertia\\Middleware->handle()
#19 D:\\gitProject\\salescrm\\app\\Http\\Middleware\\ShareGlobalSettings.php(31): Illuminate\\Pipeline\\Pipeline->{closure:{closure:Illuminate\\Pipeline\\Pipeline::carry():194}:195}()
#20 D:\\gitProject\\salescrm\\vendor\\laravel\\framework\\src\\Illuminate\\Pipeline\\Pipeline.php(219): App\\Http\\Middleware\\ShareGlobalSettings->handle()
#21 D:\\gitProject\\salescrm\\app\\Http\\Middleware\\HandleAppearance.php(21): Illuminate\\Pipeline\\Pipeline->{closure:{closure:Illuminate\\Pipeline\\Pipeline::carry():194}:195}()
#22 D:\\gitProject\\salescrm\\vendor\\laravel\\framework\\src\\Illuminate\\Pipeline\\Pipeline.php(219): App\\Http\\Middleware\\HandleAppearance->handle()
#23 D:\\gitProject\\salescrm\\app\\Http\\Middleware\\CheckInstallation.php(28): Illuminate\\Pipeline\\Pipeline->{closure:{closure:Illuminate\\Pipeline\\Pipeline::carry():194}:195}()
#24 D:\\gitProject\\salescrm\\vendor\\laravel\\framework\\src\\Illuminate\\Pipeline\\Pipeline.php(219): App\\Http\\Middleware\\CheckInstallation->handle()
#25 D:\\gitProject\\salescrm\\vendor\\laravel\\framework\\src\\Illuminate\\Routing\\Middleware\\SubstituteBindings.php(50): Illuminate\\Pipeline\\Pipeline->{closure:{closure:Illuminate\\Pipeline\\Pipeline::carry():194}:195}()
#26 D:\\gitProject\\salescrm\\vendor\\laravel\\framework\\src\\Illuminate\\Pipeline\\Pipeline.php(219): Illuminate\\Routing\\Middleware\\SubstituteBindings->handle()
#27 D:\\gitProject\\salescrm\\vendor\\laravel\\framework\\src\\Illuminate\\Auth\\Middleware\\Authenticate.php(63): Illuminate\\Pipeline\\Pipeline->{closure:{closure:Illuminate\\Pipeline\\Pipeline::carry():194}:195}()
#28 D:\\gitProject\\salescrm\\vendor\\laravel\\framework\\src\\Illuminate\\Pipeline\\Pipeline.php(219): Illuminate\\Auth\\Middleware\\Authenticate->handle()
#29 D:\\gitProject\\salescrm\\vendor\\laravel\\framework\\src\\Illuminate\\Foundation\\Http\\Middleware\\VerifyCsrfToken.php(87): Illuminate\\Pipeline\\Pipeline->{closure:{closure:Illuminate\\Pipeline\\Pipeline::carry():194}:195}()
#30 D:\\gitProject\\salescrm\\vendor\\laravel\\framework\\src\\Illuminate\\Pipeline\\Pipeline.php(219): Illuminate\\Foundation\\Http\\Middleware\\VerifyCsrfToken->handle()
#31 D:\\gitProject\\salescrm\\vendor\\laravel\\framework\\src\\Illuminate\\View\\Middleware\\ShareErrorsFromSession.php(48): Illuminate\\Pipeline\\Pipeline->{closure:{closure:Illuminate\\Pipeline\\Pipeline::carry():194}:195}()
#32 D:\\gitProject\\salescrm\\vendor\\laravel\\framework\\src\\Illuminate\\Pipeline\\Pipeline.php(219): Illuminate\\View\\Middleware\\ShareErrorsFromSession->handle()
#33 D:\\gitProject\\salescrm\\vendor\\laravel\\framework\\src\\Illuminate\\Session\\Middleware\\StartSession.php(120): Illuminate\\Pipeline\\Pipeline->{closure:{closure:Illuminate\\Pipeline\\Pipeline::carry():194}:195}()
#34 D:\\gitProject\\salescrm\\vendor\\laravel\\framework\\src\\Illuminate\\Session\\Middleware\\StartSession.php(63): Illuminate\\Session\\Middleware\\StartSession->handleStatefulRequest()
#35 D:\\gitProject\\salescrm\\vendor\\laravel\\framework\\src\\Illuminate\\Pipeline\\Pipeline.php(219): Illuminate\\Session\\Middleware\\StartSession->handle()
#36 D:\\gitProject\\salescrm\\vendor\\laravel\\framework\\src\\Illuminate\\Cookie\\Middleware\\AddQueuedCookiesToResponse.php(36): Illuminate\\Pipeline\\Pipeline->{closure:{closure:Illuminate\\Pipeline\\Pipeline::carry():194}:195}()
#37 D:\\gitProject\\salescrm\\vendor\\laravel\\framework\\src\\Illuminate\\Pipeline\\Pipeline.php(219): Illuminate\\Cookie\\Middleware\\AddQueuedCookiesToResponse->handle()
#38 D:\\gitProject\\salescrm\\vendor\\laravel\\framework\\src\\Illuminate\\Cookie\\Middleware\\EncryptCookies.php(74): Illuminate\\Pipeline\\Pipeline->{closure:{closure:Illuminate\\Pipeline\\Pipeline::carry():194}:195}()
#39 D:\\gitProject\\salescrm\\vendor\\laravel\\framework\\src\\Illuminate\\Pipeline\\Pipeline.php(219): Illuminate\\Cookie\\Middleware\\EncryptCookies->handle()
#40 D:\\gitProject\\salescrm\\vendor\\laravel\\framework\\src\\Illuminate\\Pipeline\\Pipeline.php(137): Illuminate\\Pipeline\\Pipeline->{closure:{closure:Illuminate\\Pipeline\\Pipeline::carry():194}:195}()
#41 D:\\gitProject\\salescrm\\vendor\\laravel\\framework\\src\\Illuminate\\Routing\\Router.php(807): Illuminate\\Pipeline\\Pipeline->then()
#42 D:\\gitProject\\salescrm\\vendor\\laravel\\framework\\src\\Illuminate\\Routing\\Router.php(786): Illuminate\\Routing\\Router->runRouteWithinStack()
#43 D:\\gitProject\\salescrm\\vendor\\laravel\\framework\\src\\Illuminate\\Routing\\Router.php(750): Illuminate\\Routing\\Router->runRoute()
#44 D:\\gitProject\\salescrm\\vendor\\laravel\\framework\\src\\Illuminate\\Routing\\Router.php(739): Illuminate\\Routing\\Router->dispatchToRoute()
#45 D:\\gitProject\\salescrm\\vendor\\laravel\\framework\\src\\Illuminate\\Foundation\\Http\\Kernel.php(200): Illuminate\\Routing\\Router->dispatch()
#46 D:\\gitProject\\salescrm\\vendor\\laravel\\framework\\src\\Illuminate\\Pipeline\\Pipeline.php(180): Illuminate\\Foundation\\Http\\Kernel->{closure:Illuminate\\Foundation\\Http\\Kernel::dispatchToRouter():197}()
#47 D:\\gitProject\\salescrm\\vendor\\laravel\\framework\\src\\Illuminate\\Foundation\\Http\\Middleware\\TransformsRequest.php(21): Illuminate\\Pipeline\\Pipeline->{closure:Illuminate\\Pipeline\\Pipeline::prepareDestination():178}()
#48 D:\\gitProject\\salescrm\\vendor\\laravel\\framework\\src\\Illuminate\\Foundation\\Http\\Middleware\\ConvertEmptyStringsToNull.php(31): Illuminate\\Foundation\\Http\\Middleware\\TransformsRequest->handle()
#49 D:\\gitProject\\salescrm\\vendor\\laravel\\framework\\src\\Illuminate\\Pipeline\\Pipeline.php(219): Illuminate\\Foundation\\Http\\Middleware\\ConvertEmptyStringsToNull->handle()
#50 D:\\gitProject\\salescrm\\vendor\\laravel\\framework\\src\\Illuminate\\Foundation\\Http\\Middleware\\TransformsRequest.php(21): Illuminate\\Pipeline\\Pipeline->{closure:{closure:Illuminate\\Pipeline\\Pipeline::carry():194}:195}()
#51 D:\\gitProject\\salescrm\\vendor\\laravel\\framework\\src\\Illuminate\\Foundation\\Http\\Middleware\\TrimStrings.php(51): Illuminate\\Foundation\\Http\\Middleware\\TransformsRequest->handle()
#52 D:\\gitProject\\salescrm\\vendor\\laravel\\framework\\src\\Illuminate\\Pipeline\\Pipeline.php(219): Illuminate\\Foundation\\Http\\Middleware\\TrimStrings->handle()
#53 D:\\gitProject\\salescrm\\vendor\\laravel\\framework\\src\\Illuminate\\Http\\Middleware\\ValidatePostSize.php(27): Illuminate\\Pipeline\\Pipeline->{closure:{closure:Illuminate\\Pipeline\\Pipeline::carry():194}:195}()
#54 D:\\gitProject\\salescrm\\vendor\\laravel\\framework\\src\\Illuminate\\Pipeline\\Pipeline.php(219): Illuminate\\Http\\Middleware\\ValidatePostSize->handle()
#55 D:\\gitProject\\salescrm\\vendor\\laravel\\framework\\src\\Illuminate\\Foundation\\Http\\Middleware\\PreventRequestsDuringMaintenance.php(109): Illuminate\\Pipeline\\Pipeline->{closure:{closure:Illuminate\\Pipeline\\Pipeline::carry():194}:195}()
#56 D:\\gitProject\\salescrm\\vendor\\laravel\\framework\\src\\Illuminate\\Pipeline\\Pipeline.php(219): Illuminate\\Foundation\\Http\\Middleware\\PreventRequestsDuringMaintenance->handle()
#57 D:\\gitProject\\salescrm\\vendor\\laravel\\framework\\src\\Illuminate\\Http\\Middleware\\HandleCors.php(48): Illuminate\\Pipeline\\Pipeline->{closure:{closure:Illuminate\\Pipeline\\Pipeline::carry():194}:195}()
#58 D:\\gitProject\\salescrm\\vendor\\laravel\\framework\\src\\Illuminate\\Pipeline\\Pipeline.php(219): Illuminate\\Http\\Middleware\\HandleCors->handle()
#59 D:\\gitProject\\salescrm\\vendor\\laravel\\framework\\src\\Illuminate\\Http\\Middleware\\TrustProxies.php(58): Illuminate\\Pipeline\\Pipeline->{closure:{closure:Illuminate\\Pipeline\\Pipeline::carry():194}:195}()
#60 D:\\gitProject\\salescrm\\vendor\\laravel\\framework\\src\\Illuminate\\Pipeline\\Pipeline.php(219): Illuminate\\Http\\Middleware\\TrustProxies->handle()
#61 D:\\gitProject\\salescrm\\vendor\\laravel\\framework\\src\\Illuminate\\Foundation\\Http\\Middleware\\InvokeDeferredCallbacks.php(22): Illuminate\\Pipeline\\Pipeline->{closure:{closure:Illuminate\\Pipeline\\Pipeline::carry():194}:195}()
#62 D:\\gitProject\\salescrm\\vendor\\laravel\\framework\\src\\Illuminate\\Pipeline\\Pipeline.php(219): Illuminate\\Foundation\\Http\\Middleware\\InvokeDeferredCallbacks->handle()
#63 D:\\gitProject\\salescrm\\vendor\\laravel\\framework\\src\\Illuminate\\Http\\Middleware\\ValidatePathEncoding.php(26): Illuminate\\Pipeline\\Pipeline->{closure:{closure:Illuminate\\Pipeline\\Pipeline::carry():194}:195}()
#64 D:\\gitProject\\salescrm\\vendor\\laravel\\framework\\src\\Illuminate\\Pipeline\\Pipeline.php(219): Illuminate\\Http\\Middleware\\ValidatePathEncoding->handle()
#65 D:\\gitProject\\salescrm\\vendor\\laravel\\framework\\src\\Illuminate\\Pipeline\\Pipeline.php(137): Illuminate\\Pipeline\\Pipeline->{closure:{closure:Illuminate\\Pipeline\\Pipeline::carry():194}:195}()
#66 D:\\gitProject\\salescrm\\vendor\\laravel\\framework\\src\\Illuminate\\Foundation\\Http\\Kernel.php(175): Illuminate\\Pipeline\\Pipeline->then()
#67 D:\\gitProject\\salescrm\\vendor\\laravel\\framework\\src\\Illuminate\\Foundation\\Http\\Kernel.php(144): Illuminate\\Foundation\\Http\\Kernel->sendRequestThroughRouter()
#68 D:\\gitProject\\salescrm\\vendor\\laravel\\framework\\src\\Illuminate\\Foundation\\Application.php(1220): Illuminate\\Foundation\\Http\\Kernel->handle()
#69 D:\\gitProject\\salescrm\\public\\index.php(20): Illuminate\\Foundation\\Application->handleRequest()
#70 D:\\gitProject\\salescrm\\vendor\\laravel\\framework\\src\\Illuminate\\Foundation\\resources\\server.php(23): require_once('...')
#71 {main}
"} 
[2026-10-04 18:04:01] local.INFO: Storage settings loaded {"user_id":1,"settings":{"aws_access_key_id":"","aws_bucket":"","aws_default_region":"us-east-1","aws_endpoint":"","aws_secret_access_key":"","aws_url":"","storage_file_types":"jpg,png,webp,gif,pdf,doc,docx,txt,csv","storage_max_upload_size":"2048","storage_type":"local","wasabi_access_key":"","wasabi_bucket":"","wasabi_region":"us-east-1","wasabi_root":"","wasabi_secret_key":"","wasabi_url":""}} 
[2026-10-04 18:09:02] local.INFO: Storage settings loaded {"user_id":1,"settings":{"aws_access_key_id":"","aws_bucket":"","aws_default_region":"us-east-1","aws_endpoint":"","aws_secret_access_key":"","aws_url":"","storage_file_types":"jpg,png,webp,gif,pdf,doc,docx,txt,csv","storage_max_upload_size":"2048","storage_type":"local","wasabi_access_key":"","wasabi_bucket":"","wasabi_region":"us-east-1","wasabi_root":"","wasabi_secret_key":"","wasabi_url":""}} 
[2026-10-04 18:14:04] local.INFO: Storage settings loaded {"user_id":1,"settings":{"aws_access_key_id":"","aws_bucket":"","aws_default_region":"us-east-1","aws_endpoint":"","aws_secret_access_key":"","aws_url":"","storage_file_types":"jpg,png,webp,gif,pdf,doc,docx,txt,csv","storage_max_upload_size":"2048","storage_type":"local","wasabi_access_key":"","wasabi_bucket":"","wasabi_region":"us-east-1","wasabi_root":"","wasabi_secret_key":"","wasabi_url":""}} 
[2026-10-04 18:19:06] local.INFO: Storage settings loaded {"user_id":1,"settings":{"aws_access_key_id":"","aws_bucket":"","aws_default_region":"us-east-1","aws_endpoint":"","aws_secret_access_key":"","aws_url":"","storage_file_types":"jpg,png,webp,gif,pdf,doc,docx,txt,csv","storage_max_upload_size":"2048","storage_type":"local","wasabi_access_key":"","wasabi_bucket":"","wasabi_region":"us-east-1","wasabi_root":"","wasabi_secret_key":"","wasabi_url":""}} 
[2026-10-04 18:24:06] local.INFO: Storage settings loaded {"user_id":1,"settings":{"aws_access_key_id":"","aws_bucket":"","aws_default_region":"us-east-1","aws_endpoint":"","aws_secret_access_key":"","aws_url":"","storage_file_types":"jpg,png,webp,gif,pdf,doc,docx,txt,csv","storage_max_upload_size":"2048","storage_type":"local","wasabi_access_key":"","wasabi_bucket":"","wasabi_region":"us-east-1","wasabi_root":"","wasabi_secret_key":"","wasabi_url":""}} 
[2026-10-04 18:29:50] local.INFO: Storage settings loaded {"user_id":1,"settings":{"aws_access_key_id":"","aws_bucket":"","aws_default_region":"us-east-1","aws_endpoint":"","aws_secret_access_key":"","aws_url":"","storage_file_types":"jpg,png,webp,gif,pdf,doc,docx,txt,csv","storage_max_upload_size":"2048","storage_type":"local","wasabi_access_key":"","wasabi_bucket":"","wasabi_region":"us-east-1","wasabi_root":"","wasabi_secret_key":"","wasabi_url":""}} 
[2026-10-04 18:34:58] local.INFO: Storage settings loaded {"user_id":1,"settings":{"aws_access_key_id":"","aws_bucket":"","aws_default_region":"us-east-1","aws_endpoint":"","aws_secret_access_key":"","aws_url":"","storage_file_types":"jpg,png,webp,gif,pdf,doc,docx,txt,csv","storage_max_upload_size":"2048","storage_type":"local","wasabi_access_key":"","wasabi_bucket":"","wasabi_region":"us-east-1","wasabi_root":"","wasabi_secret_key":"","wasabi_url":""}} 
[2026-10-04 18:36:38] local.INFO: Impersonation started {"acting_user_id":1,"impersonated_user_id":"4","ip_address":"127.0.0.1","timestamp":"2026-10-04 18:36:38"} 
[2026-10-04 18:38:24] local.INFO: Impersonation ended {"timestamp":"2026-10-04 18:38:24"} 
[2026-10-05 05:21:44] local.INFO: Storage settings loaded {"user_id":1,"settings":{"aws_access_key_id":"","aws_bucket":"","aws_default_region":"us-east-1","aws_endpoint":"","aws_secret_access_key":"","aws_url":"","storage_file_types":"jpg,png,webp,gif,pdf,doc,docx,txt,csv","storage_max_upload_size":"2048","storage_type":"local","wasabi_access_key":"","wasabi_bucket":"","wasabi_region":"us-east-1","wasabi_root":"","wasabi_secret_key":"","wasabi_url":""}} 
[2026-10-05 05:23:51] local.INFO: Impersonation started {"acting_user_id":1,"impersonated_user_id":"4","ip_address":"127.0.0.1","timestamp":"2026-10-05 05:23:51"} 
[2026-10-05 05:23:58] local.INFO: Impersonation ended {"timestamp":"2026-10-05 05:23:58"} 
[2026-10-05 05:26:45] local.INFO: Storage settings loaded {"user_id":1,"settings":{"aws_access_key_id":"","aws_bucket":"","aws_default_region":"us-east-1","aws_endpoint":"","aws_secret_access_key":"","aws_url":"","storage_file_types":"jpg,png,webp,gif,pdf,doc,docx,txt,csv","storage_max_upload_size":"2048","storage_type":"local","wasabi_access_key":"","wasabi_bucket":"","wasabi_region":"us-east-1","wasabi_root":"","wasabi_secret_key":"","wasabi_url":""}} 
[2026-10-05 05:27:57] local.INFO: Impersonation started {"acting_user_id":1,"impersonated_user_id":"4","ip_address":"127.0.0.1","timestamp":"2026-10-05 05:27:57"} 
[2026-10-05 05:31:50] local.INFO: Storage settings loaded {"user_id":1,"settings":{"aws_access_key_id":"","aws_bucket":"","aws_default_region":"us-east-1","aws_endpoint":"","aws_secret_access_key":"","aws_url":"","storage_file_types":"jpg,png,webp,gif,pdf,doc,docx,txt,csv","storage_max_upload_size":"2048","storage_type":"local","wasabi_access_key":"","wasabi_bucket":"","wasabi_region":"us-east-1","wasabi_root":"","wasabi_secret_key":"","wasabi_url":""}} 
[2026-10-05 05:56:01] local.INFO: Storage settings loaded {"user_id":1,"settings":{"aws_access_key_id":"","aws_bucket":"","aws_default_region":"us-east-1","aws_endpoint":"","aws_secret_access_key":"","aws_url":"","storage_file_types":"jpg,png,webp,gif,pdf,doc,docx,txt,csv","storage_max_upload_size":"2048","storage_type":"local","wasabi_access_key":"","wasabi_bucket":"","wasabi_region":"us-east-1","wasabi_root":"","wasabi_secret_key":"","wasabi_url":""}} 
[2026-10-05 06:08:05] local.INFO: Storage settings loaded {"user_id":1,"settings":{"aws_access_key_id":"","aws_bucket":"","aws_default_region":"us-east-1","aws_endpoint":"","aws_secret_access_key":"","aws_url":"","storage_file_types":"jpg,png,webp,gif,pdf,doc,docx,txt,csv","storage_max_upload_size":"2048","storage_type":"local","wasabi_access_key":"","wasabi_bucket":"","wasabi_region":"us-east-1","wasabi_root":"","wasabi_secret_key":"","wasabi_url":""}} 
[2026-10-05 06:08:05] local.INFO: Impersonation ended {"timestamp":"2026-10-05 06:08:05"} 
[2026-10-05 06:23:05] local.INFO: Storage settings loaded {"user_id":1,"settings":{"aws_access_key_id":"","aws_bucket":"","aws_default_region":"us-east-1","aws_endpoint":"","aws_secret_access_key":"","aws_url":"","storage_file_types":"jpg,png,webp,gif,pdf,doc,docx,txt,csv","storage_max_upload_size":"2048","storage_type":"local","wasabi_access_key":"","wasabi_bucket":"","wasabi_region":"us-east-1","wasabi_root":"","wasabi_secret_key":"","wasabi_url":""}} 
[2026-10-05 06:23:56] local.INFO: Impersonation started {"acting_user_id":1,"impersonated_user_id":"4","ip_address":"127.0.0.1","timestamp":"2026-10-05 06:23:56"} 
[2026-10-05 06:37:45] local.INFO: Storage settings loaded {"user_id":1,"settings":{"aws_access_key_id":"","aws_bucket":"","aws_default_region":"us-east-1","aws_endpoint":"","aws_secret_access_key":"","aws_url":"","storage_file_types":"jpg,png,webp,gif,pdf,doc,docx,txt,csv","storage_max_upload_size":"2048","storage_type":"local","wasabi_access_key":"","wasabi_bucket":"","wasabi_region":"us-east-1","wasabi_root":"","wasabi_secret_key":"","wasabi_url":""}} 
[2026-10-05 06:37:45] local.INFO: Impersonation ended {"timestamp":"2026-10-05 06:37:45"} 
[2026-10-05 06:37:45] local.INFO: Impersonation ended {"timestamp":"2026-10-05 06:37:45"} 
[2026-10-05 06:38:16] local.INFO: Impersonation started {"acting_user_id":1,"impersonated_user_id":"4","ip_address":"127.0.0.1","timestamp":"2026-10-05 06:38:16"} 
[2026-10-05 06:42:48] local.INFO: Storage settings loaded {"user_id":1,"settings":{"aws_access_key_id":"","aws_bucket":"","aws_default_region":"us-east-1","aws_endpoint":"","aws_secret_access_key":"","aws_url":"","storage_file_types":"jpg,png,webp,gif,pdf,doc,docx,txt,csv","storage_max_upload_size":"2048","storage_type":"local","wasabi_access_key":"","wasabi_bucket":"","wasabi_region":"us-east-1","wasabi_root":"","wasabi_secret_key":"","wasabi_url":""}} 
[2026-10-05 06:42:48] local.INFO: Impersonation ended {"timestamp":"2026-10-05 06:42:48"} 
[2026-10-05 06:47:58] local.INFO: Storage settings loaded {"user_id":1,"settings":{"aws_access_key_id":"","aws_bucket":"","aws_default_region":"us-east-1","aws_endpoint":"","aws_secret_access_key":"","aws_url":"","storage_file_types":"jpg,png,webp,gif,pdf,doc,docx,txt,csv","storage_max_upload_size":"2048","storage_type":"local","wasabi_access_key":"","wasabi_bucket":"","wasabi_region":"us-east-1","wasabi_root":"","wasabi_secret_key":"","wasabi_url":""}} 
[2026-10-05 06:53:11] local.INFO: Storage settings loaded {"user_id":1,"settings":{"aws_access_key_id":"","aws_bucket":"","aws_default_region":"us-east-1","aws_endpoint":"","aws_secret_access_key":"","aws_url":"","storage_file_types":"jpg,png,webp,gif,pdf,doc,docx,txt,csv","storage_max_upload_size":"2048","storage_type":"local","wasabi_access_key":"","wasabi_bucket":"","wasabi_region":"us-east-1","wasabi_root":"","wasabi_secret_key":"","wasabi_url":""}} 
[2026-10-05 06:58:11] local.INFO: Storage settings loaded {"user_id":1,"settings":{"aws_access_key_id":"","aws_bucket":"","aws_default_region":"us-east-1","aws_endpoint":"","aws_secret_access_key":"","aws_url":"","storage_file_types":"jpg,png,webp,gif,pdf,doc,docx,txt,csv","storage_max_upload_size":"2048","storage_type":"local","wasabi_access_key":"","wasabi_bucket":"","wasabi_region":"us-east-1","wasabi_root":"","wasabi_secret_key":"","wasabi_url":""}} 
[2026-10-05 07:03:11] local.INFO: Storage settings loaded {"user_id":1,"settings":{"aws_access_key_id":"","aws_bucket":"","aws_default_region":"us-east-1","aws_endpoint":"","aws_secret_access_key":"","aws_url":"","storage_file_types":"jpg,png,webp,gif,pdf,doc,docx,txt,csv","storage_max_upload_size":"2048","storage_type":"local","wasabi_access_key":"","wasabi_bucket":"","wasabi_region":"us-east-1","wasabi_root":"","wasabi_secret_key":"","wasabi_url":""}} 
[2026-10-05 07:08:11] local.INFO: Storage settings loaded {"user_id":1,"settings":{"aws_access_key_id":"","aws_bucket":"","aws_default_region":"us-east-1","aws_endpoint":"","aws_secret_access_key":"","aws_url":"","storage_file_types":"jpg,png,webp,gif,pdf,doc,docx,txt,csv","storage_max_upload_size":"2048","storage_type":"local","wasabi_access_key":"","wasabi_bucket":"","wasabi_region":"us-east-1","wasabi_root":"","wasabi_secret_key":"","wasabi_url":""}} 
[2026-10-05 07:13:11] local.INFO: Storage settings loaded {"user_id":1,"settings":{"aws_access_key_id":"","aws_bucket":"","aws_default_region":"us-east-1","aws_endpoint":"","aws_secret_access_key":"","aws_url":"","storage_file_types":"jpg,png,webp,gif,pdf,doc,docx,txt,csv","storage_max_upload_size":"2048","storage_type":"local","wasabi_access_key":"","wasabi_bucket":"","wasabi_region":"us-east-1","wasabi_root":"","wasabi_secret_key":"","wasabi_url":""}} 
[2026-10-05 07:18:11] local.INFO: Storage settings loaded {"user_id":1,"settings":{"aws_access_key_id":"","aws_bucket":"","aws_default_region":"us-east-1","aws_endpoint":"","aws_secret_access_key":"","aws_url":"","storage_file_types":"jpg,png,webp,gif,pdf,doc,docx,txt,csv","storage_max_upload_size":"2048","storage_type":"local","wasabi_access_key":"","wasabi_bucket":"","wasabi_region":"us-east-1","wasabi_root":"","wasabi_secret_key":"","wasabi_url":""}} 
[2026-10-05 07:23:15] local.INFO: Storage settings loaded {"user_id":1,"settings":{"aws_access_key_id":"","aws_bucket":"","aws_default_region":"us-east-1","aws_endpoint":"","aws_secret_access_key":"","aws_url":"","storage_file_types":"jpg,png,webp,gif,pdf,doc,docx,txt,csv","storage_max_upload_size":"2048","storage_type":"local","wasabi_access_key":"","wasabi_bucket":"","wasabi_region":"us-east-1","wasabi_root":"","wasabi_secret_key":"","wasabi_url":""}} 
[2026-10-05 07:28:15] local.INFO: Storage settings loaded {"user_id":1,"settings":{"aws_access_key_id":"","aws_bucket":"","aws_default_region":"us-east-1","aws_endpoint":"","aws_secret_access_key":"","aws_url":"","storage_file_types":"jpg,png,webp,gif,pdf,doc,docx,txt,csv","storage_max_upload_size":"2048","storage_type":"local","wasabi_access_key":"","wasabi_bucket":"","wasabi_region":"us-east-1","wasabi_root":"","wasabi_secret_key":"","wasabi_url":""}} 
[2026-10-05 07:33:15] local.INFO: Storage settings loaded {"user_id":1,"settings":{"aws_access_key_id":"","aws_bucket":"","aws_default_region":"us-east-1","aws_endpoint":"","aws_secret_access_key":"","aws_url":"","storage_file_types":"jpg,png,webp,gif,pdf,doc,docx,txt,csv","storage_max_upload_size":"2048","storage_type":"local","wasabi_access_key":"","wasabi_bucket":"","wasabi_region":"us-east-1","wasabi_root":"","wasabi_secret_key":"","wasabi_url":""}} 
[2026-10-05 07:38:16] local.INFO: Storage settings loaded {"user_id":1,"settings":{"aws_access_key_id":"","aws_bucket":"","aws_default_region":"us-east-1","aws_endpoint":"","aws_secret_access_key":"","aws_url":"","storage_file_types":"jpg,png,webp,gif,pdf,doc,docx,txt,csv","storage_max_upload_size":"2048","storage_type":"local","wasabi_access_key":"","wasabi_bucket":"","wasabi_region":"us-east-1","wasabi_root":"","wasabi_secret_key":"","wasabi_url":""}} 
[2026-10-05 07:43:17] local.INFO: Storage settings loaded {"user_id":1,"settings":{"aws_access_key_id":"","aws_bucket":"","aws_default_region":"us-east-1","aws_endpoint":"","aws_secret_access_key":"","aws_url":"","storage_file_types":"jpg,png,webp,gif,pdf,doc,docx,txt,csv","storage_max_upload_size":"2048","storage_type":"local","wasabi_access_key":"","wasabi_bucket":"","wasabi_region":"us-east-1","wasabi_root":"","wasabi_secret_key":"","wasabi_url":""}} 
[2026-10-05 07:48:22] local.INFO: Storage settings loaded {"user_id":1,"settings":{"aws_access_key_id":"","aws_bucket":"","aws_default_region":"us-east-1","aws_endpoint":"","aws_secret_access_key":"","aws_url":"","storage_file_types":"jpg,png,webp,gif,pdf,doc,docx,txt,csv","storage_max_upload_size":"2048","storage_type":"local","wasabi_access_key":"","wasabi_bucket":"","wasabi_region":"us-east-1","wasabi_root":"","wasabi_secret_key":"","wasabi_url":""}} 
[2026-10-05 07:53:22] local.INFO: Storage settings loaded {"user_id":1,"settings":{"aws_access_key_id":"","aws_bucket":"","aws_default_region":"us-east-1","aws_endpoint":"","aws_secret_access_key":"","aws_url":"","storage_file_types":"jpg,png,webp,gif,pdf,doc,docx,txt,csv","storage_max_upload_size":"2048","storage_type":"local","wasabi_access_key":"","wasabi_bucket":"","wasabi_region":"us-east-1","wasabi_root":"","wasabi_secret_key":"","wasabi_url":""}} 
[2026-10-05 07:58:22] local.INFO: Storage settings loaded {"user_id":1,"settings":{"aws_access_key_id":"","aws_bucket":"","aws_default_region":"us-east-1","aws_endpoint":"","aws_secret_access_key":"","aws_url":"","storage_file_types":"jpg,png,webp,gif,pdf,doc,docx,txt,csv","storage_max_upload_size":"2048","storage_type":"local","wasabi_access_key":"","wasabi_bucket":"","wasabi_region":"us-east-1","wasabi_root":"","wasabi_secret_key":"","wasabi_url":""}} 
[2026-10-05 08:03:22] local.INFO: Storage settings loaded {"user_id":1,"settings":{"aws_access_key_id":"","aws_bucket":"","aws_default_region":"us-east-1","aws_endpoint":"","aws_secret_access_key":"","aws_url":"","storage_file_types":"jpg,png,webp,gif,pdf,doc,docx,txt,csv","storage_max_upload_size":"2048","storage_type":"local","wasabi_access_key":"","wasabi_bucket":"","wasabi_region":"us-east-1","wasabi_root":"","wasabi_secret_key":"","wasabi_url":""}} 
[2026-10-05 08:08:22] local.INFO: Storage settings loaded {"user_id":1,"settings":{"aws_access_key_id":"","aws_bucket":"","aws_default_region":"us-east-1","aws_endpoint":"","aws_secret_access_key":"","aws_url":"","storage_file_types":"jpg,png,webp,gif,pdf,doc,docx,txt,csv","storage_max_upload_size":"2048","storage_type":"local","wasabi_access_key":"","wasabi_bucket":"","wasabi_region":"us-east-1","wasabi_root":"","wasabi_secret_key":"","wasabi_url":""}} 
[2026-10-05 08:13:22] local.INFO: Storage settings loaded {"user_id":1,"settings":{"aws_access_key_id":"","aws_bucket":"","aws_default_region":"us-east-1","aws_endpoint":"","aws_secret_access_key":"","aws_url":"","storage_file_types":"jpg,png,webp,gif,pdf,doc,docx,txt,csv","storage_max_upload_size":"2048","storage_type":"local","wasabi_access_key":"","wasabi_bucket":"","wasabi_region":"us-east-1","wasabi_root":"","wasabi_secret_key":"","wasabi_url":""}} 
[2026-10-05 08:18:22] local.INFO: Storage settings loaded {"user_id":1,"settings":{"aws_access_key_id":"","aws_bucket":"","aws_default_region":"us-east-1","aws_endpoint":"","aws_secret_access_key":"","aws_url":"","storage_file_types":"jpg,png,webp,gif,pdf,doc,docx,txt,csv","storage_max_upload_size":"2048","storage_type":"local","wasabi_access_key":"","wasabi_bucket":"","wasabi_region":"us-east-1","wasabi_root":"","wasabi_secret_key":"","wasabi_url":""}} 
[2026-10-05 09:05:55] local.INFO: Storage settings loaded {"user_id":1,"settings":{"aws_access_key_id":"","aws_bucket":"","aws_default_region":"us-east-1","aws_endpoint":"","aws_secret_access_key":"","aws_url":"","storage_file_types":"jpg,png,webp,gif,pdf,doc,docx,txt,csv","storage_max_upload_size":"2048","storage_type":"local","wasabi_access_key":"","wasabi_bucket":"","wasabi_region":"us-east-1","wasabi_root":"","wasabi_secret_key":"","wasabi_url":""}} 
[2026-10-05 09:11:14] local.INFO: Storage settings loaded {"user_id":1,"settings":{"aws_access_key_id":"","aws_bucket":"","aws_default_region":"us-east-1","aws_endpoint":"","aws_secret_access_key":"","aws_url":"","storage_file_types":"jpg,png,webp,gif,pdf,doc,docx,txt,csv","storage_max_upload_size":"2048","storage_type":"local","wasabi_access_key":"","wasabi_bucket":"","wasabi_region":"us-east-1","wasabi_root":"","wasabi_secret_key":"","wasabi_url":""}} 
[2026-10-05 09:16:22] local.INFO: Storage settings loaded {"user_id":1,"settings":{"aws_access_key_id":"","aws_bucket":"","aws_default_region":"us-east-1","aws_endpoint":"","aws_secret_access_key":"","aws_url":"","storage_file_types":"jpg,png,webp,gif,pdf,doc,docx,txt,csv","storage_max_upload_size":"2048","storage_type":"local","wasabi_access_key":"","wasabi_bucket":"","wasabi_region":"us-east-1","wasabi_root":"","wasabi_secret_key":"","wasabi_url":""}} 
[2026-10-05 09:21:28] local.INFO: Storage settings loaded {"user_id":1,"settings":{"aws_access_key_id":"","aws_bucket":"","aws_default_region":"us-east-1","aws_endpoint":"","aws_secret_access_key":"","aws_url":"","storage_file_types":"jpg,png,webp,gif,pdf,doc,docx,txt,csv","storage_max_upload_size":"2048","storage_type":"local","wasabi_access_key":"","wasabi_bucket":"","wasabi_region":"us-east-1","wasabi_root":"","wasabi_secret_key":"","wasabi_url":""}} 
[2026-10-05 09:26:39] local.INFO: Storage settings loaded {"user_id":1,"settings":{"aws_access_key_id":"","aws_bucket":"","aws_default_region":"us-east-1","aws_endpoint":"","aws_secret_access_key":"","aws_url":"","storage_file_types":"jpg,png,webp,gif,pdf,doc,docx,txt,csv","storage_max_upload_size":"2048","storage_type":"local","wasabi_access_key":"","wasabi_bucket":"","wasabi_region":"us-east-1","wasabi_root":"","wasabi_secret_key":"","wasabi_url":""}} 
[2026-10-05 09:31:45] local.INFO: Storage settings loaded {"user_id":1,"settings":{"aws_access_key_id":"","aws_bucket":"","aws_default_region":"us-east-1","aws_endpoint":"","aws_secret_access_key":"","aws_url":"","storage_file_types":"jpg,png,webp,gif,pdf,doc,docx,txt,csv","storage_max_upload_size":"2048","storage_type":"local","wasabi_access_key":"","wasabi_bucket":"","wasabi_region":"us-east-1","wasabi_root":"","wasabi_secret_key":"","wasabi_url":""}} 
[2026-10-05 09:36:45] local.INFO: Storage settings loaded {"user_id":1,"settings":{"aws_access_key_id":"","aws_bucket":"","aws_default_region":"us-east-1","aws_endpoint":"","aws_secret_access_key":"","aws_url":"","storage_file_types":"jpg,png,webp,gif,pdf,doc,docx,txt,csv","storage_max_upload_size":"2048","storage_type":"local","wasabi_access_key":"","wasabi_bucket":"","wasabi_region":"us-east-1","wasabi_root":"","wasabi_secret_key":"","wasabi_url":""}} 
[2026-10-05 09:45:48] local.INFO: Storage settings loaded {"user_id":1,"settings":{"aws_access_key_id":"","aws_bucket":"","aws_default_region":"us-east-1","aws_endpoint":"","aws_secret_access_key":"","aws_url":"","storage_file_types":"jpg,png,webp,gif,pdf,doc,docx,txt,csv","storage_max_upload_size":"2048","storage_type":"local","wasabi_access_key":"","wasabi_bucket":"","wasabi_region":"us-east-1","wasabi_root":"","wasabi_secret_key":"","wasabi_url":""}} 
[2026-10-05 09:46:04] local.ERROR: Undefined variable $superAdmin {"userId":1,"exception":"[object] (ErrorException(code: 0): Undefined variable $superAdmin at D:\\gitProject\\salescrm\\app\\Http\\Controllers\\PlanController.php:48)
[stacktrace]
#0 D:\\gitProject\\salescrm\\vendor\\laravel\\framework\\src\\Illuminate\\Foundation\\Bootstrap\\HandleExceptions.php(258): Illuminate\\Foundation\\Bootstrap\\HandleExceptions->handleError()
#1 D:\\gitProject\\salescrm\\app\\Http\\Controllers\\PlanController.php(48): Illuminate\\Foundation\\Bootstrap\\HandleExceptions->{closure:Illuminate\\Foundation\\Bootstrap\\HandleExceptions::forwardsTo():257}()
#2 [internal function]: App\\Http\\Controllers\\PlanController->{closure:App\\Http\\Controllers\\PlanController::index():39}()
#3 D:\\gitProject\\salescrm\\vendor\\laravel\\framework\\src\\Illuminate\\Collections\\Arr.php(788): array_map()
#4 D:\\gitProject\\salescrm\\vendor\\laravel\\framework\\src\\Illuminate\\Collections\\Collection.php(819): Illuminate\\Support\\Arr::map()
#5 D:\\gitProject\\salescrm\\vendor\\laravel\\framework\\src\\Illuminate\\Database\\Eloquent\\Collection.php(417): Illuminate\\Support\\Collection->map()
#6 D:\\gitProject\\salescrm\\app\\Http\\Controllers\\PlanController.php(39): Illuminate\\Database\\Eloquent\\Collection->map()
#7 D:\\gitProject\\salescrm\\vendor\\laravel\\framework\\src\\Illuminate\\Routing\\ControllerDispatcher.php(46): App\\Http\\Controllers\\PlanController->index()
#8 D:\\gitProject\\salescrm\\vendor\\laravel\\framework\\src\\Illuminate\\Routing\\Route.php(265): Illuminate\\Routing\\ControllerDispatcher->dispatch()
#9 D:\\gitProject\\salescrm\\vendor\\laravel\\framework\\src\\Illuminate\\Routing\\Route.php(211): Illuminate\\Routing\\Route->runController()
#10 D:\\gitProject\\salescrm\\vendor\\laravel\\framework\\src\\Illuminate\\Routing\\Router.php(808): Illuminate\\Routing\\Route->run()
#11 D:\\gitProject\\salescrm\\vendor\\laravel\\framework\\src\\Illuminate\\Pipeline\\Pipeline.php(180): Illuminate\\Routing\\Router->{closure:Illuminate\\Routing\\Router::runRouteWithinStack():807}()
#12 D:\\gitProject\\salescrm\\app\\Http\\Middleware\\EnsureEmailIsVerified.php(22): Illuminate\\Pipeline\\Pipeline->{closure:Illuminate\\Pipeline\\Pipeline::prepareDestination():178}()
#13 D:\\gitProject\\salescrm\\vendor\\laravel\\framework\\src\\Illuminate\\Pipeline\\Pipeline.php(219): App\\Http\\Middleware\\EnsureEmailIsVerified->handle()
#14 D:\\gitProject\\salescrm\\app\\Http\\Middleware\\DemoModeMiddleware.php(17): Illuminate\\Pipeline\\Pipeline->{closure:{closure:Illuminate\\Pipeline\\Pipeline::carry():194}:195}()
#15 D:\\gitProject\\salescrm\\vendor\\laravel\\framework\\src\\Illuminate\\Pipeline\\Pipeline.php(219): App\\Http\\Middleware\\DemoModeMiddleware->handle()
#16 D:\\gitProject\\salescrm\\vendor\\laravel\\framework\\src\\Illuminate\\Http\\Middleware\\AddLinkHeadersForPreloadedAssets.php(32): Illuminate\\Pipeline\\Pipeline->{closure:{closure:Illuminate\\Pipeline\\Pipeline::carry():194}:195}()
#17 D:\\gitProject\\salescrm\\vendor\\laravel\\framework\\src\\Illuminate\\Pipeline\\Pipeline.php(219): Illuminate\\Http\\Middleware\\AddLinkHeadersForPreloadedAssets->handle()
#18 D:\\gitProject\\salescrm\\vendor\\inertiajs\\inertia-laravel\\src\\Middleware.php(122): Illuminate\\Pipeline\\Pipeline->{closure:{closure:Illuminate\\Pipeline\\Pipeline::carry():194}:195}()
#19 D:\\gitProject\\salescrm\\vendor\\laravel\\framework\\src\\Illuminate\\Pipeline\\Pipeline.php(219): Inertia\\Middleware->handle()
#20 D:\\gitProject\\salescrm\\app\\Http\\Middleware\\ShareGlobalSettings.php(31): Illuminate\\Pipeline\\Pipeline->{closure:{closure:Illuminate\\Pipeline\\Pipeline::carry():194}:195}()
#21 D:\\gitProject\\salescrm\\vendor\\laravel\\framework\\src\\Illuminate\\Pipeline\\Pipeline.php(219): App\\Http\\Middleware\\ShareGlobalSettings->handle()
#22 D:\\gitProject\\salescrm\\app\\Http\\Middleware\\HandleAppearance.php(21): Illuminate\\Pipeline\\Pipeline->{closure:{closure:Illuminate\\Pipeline\\Pipeline::carry():194}:195}()
#23 D:\\gitProject\\salescrm\\vendor\\laravel\\framework\\src\\Illuminate\\Pipeline\\Pipeline.php(219): App\\Http\\Middleware\\HandleAppearance->handle()
#24 D:\\gitProject\\salescrm\\app\\Http\\Middleware\\CheckInstallation.php(28): Illuminate\\Pipeline\\Pipeline->{closure:{closure:Illuminate\\Pipeline\\Pipeline::carry():194}:195}()
#25 D:\\gitProject\\salescrm\\vendor\\laravel\\framework\\src\\Illuminate\\Pipeline\\Pipeline.php(219): App\\Http\\Middleware\\CheckInstallation->handle()
#26 D:\\gitProject\\salescrm\\vendor\\laravel\\framework\\src\\Illuminate\\Routing\\Middleware\\SubstituteBindings.php(50): Illuminate\\Pipeline\\Pipeline->{closure:{closure:Illuminate\\Pipeline\\Pipeline::carry():194}:195}()
#27 D:\\gitProject\\salescrm\\vendor\\laravel\\framework\\src\\Illuminate\\Pipeline\\Pipeline.php(219): Illuminate\\Routing\\Middleware\\SubstituteBindings->handle()
#28 D:\\gitProject\\salescrm\\vendor\\laravel\\framework\\src\\Illuminate\\Auth\\Middleware\\Authenticate.php(63): Illuminate\\Pipeline\\Pipeline->{closure:{closure:Illuminate\\Pipeline\\Pipeline::carry():194}:195}()
#29 D:\\gitProject\\salescrm\\vendor\\laravel\\framework\\src\\Illuminate\\Pipeline\\Pipeline.php(219): Illuminate\\Auth\\Middleware\\Authenticate->handle()
#30 D:\\gitProject\\salescrm\\vendor\\laravel\\framework\\src\\Illuminate\\Foundation\\Http\\Middleware\\VerifyCsrfToken.php(87): Illuminate\\Pipeline\\Pipeline->{closure:{closure:Illuminate\\Pipeline\\Pipeline::carry():194}:195}()
#31 D:\\gitProject\\salescrm\\vendor\\laravel\\framework\\src\\Illuminate\\Pipeline\\Pipeline.php(219): Illuminate\\Foundation\\Http\\Middleware\\VerifyCsrfToken->handle()
#32 D:\\gitProject\\salescrm\\vendor\\laravel\\framework\\src\\Illuminate\\View\\Middleware\\ShareErrorsFromSession.php(48): Illuminate\\Pipeline\\Pipeline->{closure:{closure:Illuminate\\Pipeline\\Pipeline::carry():194}:195}()
#33 D:\\gitProject\\salescrm\\vendor\\laravel\\framework\\src\\Illuminate\\Pipeline\\Pipeline.php(219): Illuminate\\View\\Middleware\\ShareErrorsFromSession->handle()
#34 D:\\gitProject\\salescrm\\vendor\\laravel\\framework\\src\\Illuminate\\Session\\Middleware\\StartSession.php(120): Illuminate\\Pipeline\\Pipeline->{closure:{closure:Illuminate\\Pipeline\\Pipeline::carry():194}:195}()
#35 D:\\gitProject\\salescrm\\vendor\\laravel\\framework\\src\\Illuminate\\Session\\Middleware\\StartSession.php(63): Illuminate\\Session\\Middleware\\StartSession->handleStatefulRequest()
#36 D:\\gitProject\\salescrm\\vendor\\laravel\\framework\\src\\Illuminate\\Pipeline\\Pipeline.php(219): Illuminate\\Session\\Middleware\\StartSession->handle()
#37 D:\\gitProject\\salescrm\\vendor\\laravel\\framework\\src\\Illuminate\\Cookie\\Middleware\\AddQueuedCookiesToResponse.php(36): Illuminate\\Pipeline\\Pipeline->{closure:{closure:Illuminate\\Pipeline\\Pipeline::carry():194}:195}()
#38 D:\\gitProject\\salescrm\\vendor\\laravel\\framework\\src\\Illuminate\\Pipeline\\Pipeline.php(219): Illuminate\\Cookie\\Middleware\\AddQueuedCookiesToResponse->handle()
#39 D:\\gitProject\\salescrm\\vendor\\laravel\\framework\\src\\Illuminate\\Cookie\\Middleware\\EncryptCookies.php(74): Illuminate\\Pipeline\\Pipeline->{closure:{closure:Illuminate\\Pipeline\\Pipeline::carry():194}:195}()
#40 D:\\gitProject\\salescrm\\vendor\\laravel\\framework\\src\\Illuminate\\Pipeline\\Pipeline.php(219): Illuminate\\Cookie\\Middleware\\EncryptCookies->handle()
#41 D:\\gitProject\\salescrm\\vendor\\laravel\\framework\\src\\Illuminate\\Pipeline\\Pipeline.php(137): Illuminate\\Pipeline\\Pipeline->{closure:{closure:Illuminate\\Pipeline\\Pipeline::carry():194}:195}()
#42 D:\\gitProject\\salescrm\\vendor\\laravel\\framework\\src\\Illuminate\\Routing\\Router.php(807): Illuminate\\Pipeline\\Pipeline->then()
#43 D:\\gitProject\\salescrm\\vendor\\laravel\\framework\\src\\Illuminate\\Routing\\Router.php(786): Illuminate\\Routing\\Router->runRouteWithinStack()
#44 D:\\gitProject\\salescrm\\vendor\\laravel\\framework\\src\\Illuminate\\Routing\\Router.php(750): Illuminate\\Routing\\Router->runRoute()
#45 D:\\gitProject\\salescrm\\vendor\\laravel\\framework\\src\\Illuminate\\Routing\\Router.php(739): Illuminate\\Routing\\Router->dispatchToRoute()
#46 D:\\gitProject\\salescrm\\vendor\\laravel\\framework\\src\\Illuminate\\Foundation\\Http\\Kernel.php(200): Illuminate\\Routing\\Router->dispatch()
#47 D:\\gitProject\\salescrm\\vendor\\laravel\\framework\\src\\Illuminate\\Pipeline\\Pipeline.php(180): Illuminate\\Foundation\\Http\\Kernel->{closure:Illuminate\\Foundation\\Http\\Kernel::dispatchToRouter():197}()
#48 D:\\gitProject\\salescrm\\vendor\\laravel\\framework\\src\\Illuminate\\Foundation\\Http\\Middleware\\TransformsRequest.php(21): Illuminate\\Pipeline\\Pipeline->{closure:Illuminate\\Pipeline\\Pipeline::prepareDestination():178}()
#49 D:\\gitProject\\salescrm\\vendor\\laravel\\framework\\src\\Illuminate\\Foundation\\Http\\Middleware\\ConvertEmptyStringsToNull.php(31): Illuminate\\Foundation\\Http\\Middleware\\TransformsRequest->handle()
#50 D:\\gitProject\\salescrm\\vendor\\laravel\\framework\\src\\Illuminate\\Pipeline\\Pipeline.php(219): Illuminate\\Foundation\\Http\\Middleware\\ConvertEmptyStringsToNull->handle()
#51 D:\\gitProject\\salescrm\\vendor\\laravel\\framework\\src\\Illuminate\\Foundation\\Http\\Middleware\\TransformsRequest.php(21): Illuminate\\Pipeline\\Pipeline->{closure:{closure:Illuminate\\Pipeline\\Pipeline::carry():194}:195}()
#52 D:\\gitProject\\salescrm\\vendor\\laravel\\framework\\src\\Illuminate\\Foundation\\Http\\Middleware\\TrimStrings.php(51): Illuminate\\Foundation\\Http\\Middleware\\TransformsRequest->handle()
#53 D:\\gitProject\\salescrm\\vendor\\laravel\\framework\\src\\Illuminate\\Pipeline\\Pipeline.php(219): Illuminate\\Foundation\\Http\\Middleware\\TrimStrings->handle()
#54 D:\\gitProject\\salescrm\\vendor\\laravel\\framework\\src\\Illuminate\\Http\\Middleware\\ValidatePostSize.php(27): Illuminate\\Pipeline\\Pipeline->{closure:{closure:Illuminate\\Pipeline\\Pipeline::carry():194}:195}()
#55 D:\\gitProject\\salescrm\\vendor\\laravel\\framework\\src\\Illuminate\\Pipeline\\Pipeline.php(219): Illuminate\\Http\\Middleware\\ValidatePostSize->handle()
#56 D:\\gitProject\\salescrm\\vendor\\laravel\\framework\\src\\Illuminate\\Foundation\\Http\\Middleware\\PreventRequestsDuringMaintenance.php(109): Illuminate\\Pipeline\\Pipeline->{closure:{closure:Illuminate\\Pipeline\\Pipeline::carry():194}:195}()
#57 D:\\gitProject\\salescrm\\vendor\\laravel\\framework\\src\\Illuminate\\Pipeline\\Pipeline.php(219): Illuminate\\Foundation\\Http\\Middleware\\PreventRequestsDuringMaintenance->handle()
#58 D:\\gitProject\\salescrm\\vendor\\laravel\\framework\\src\\Illuminate\\Http\\Middleware\\HandleCors.php(48): Illuminate\\Pipeline\\Pipeline->{closure:{closure:Illuminate\\Pipeline\\Pipeline::carry():194}:195}()
#59 D:\\gitProject\\salescrm\\vendor\\laravel\\framework\\src\\Illuminate\\Pipeline\\Pipeline.php(219): Illuminate\\Http\\Middleware\\HandleCors->handle()
#60 D:\\gitProject\\salescrm\\vendor\\laravel\\framework\\src\\Illuminate\\Http\\Middleware\\TrustProxies.php(58): Illuminate\\Pipeline\\Pipeline->{closure:{closure:Illuminate\\Pipeline\\Pipeline::carry():194}:195}()
#61 D:\\gitProject\\salescrm\\vendor\\laravel\\framework\\src\\Illuminate\\Pipeline\\Pipeline.php(219): Illuminate\\Http\\Middleware\\TrustProxies->handle()
#62 D:\\gitProject\\salescrm\\vendor\\laravel\\framework\\src\\Illuminate\\Foundation\\Http\\Middleware\\InvokeDeferredCallbacks.php(22): Illuminate\\Pipeline\\Pipeline->{closure:{closure:Illuminate\\Pipeline\\Pipeline::carry():194}:195}()
#63 D:\\gitProject\\salescrm\\vendor\\laravel\\framework\\src\\Illuminate\\Pipeline\\Pipeline.php(219): Illuminate\\Foundation\\Http\\Middleware\\InvokeDeferredCallbacks->handle()
#64 D:\\gitProject\\salescrm\\vendor\\laravel\\framework\\src\\Illuminate\\Http\\Middleware\\ValidatePathEncoding.php(26): Illuminate\\Pipeline\\Pipeline->{closure:{closure:Illuminate\\Pipeline\\Pipeline::carry():194}:195}()
#65 D:\\gitProject\\salescrm\\vendor\\laravel\\framework\\src\\Illuminate\\Pipeline\\Pipeline.php(219): Illuminate\\Http\\Middleware\\ValidatePathEncoding->handle()
#66 D:\\gitProject\\salescrm\\vendor\\laravel\\framework\\src\\Illuminate\\Pipeline\\Pipeline.php(137): Illuminate\\Pipeline\\Pipeline->{closure:{closure:Illuminate\\Pipeline\\Pipeline::carry():194}:195}()
#67 D:\\gitProject\\salescrm\\vendor\\laravel\\framework\\src\\Illuminate\\Foundation\\Http\\Kernel.php(175): Illuminate\\Pipeline\\Pipeline->then()
#68 D:\\gitProject\\salescrm\\vendor\\laravel\\framework\\src\\Illuminate\\Foundation\\Http\\Kernel.php(144): Illuminate\\Foundation\\Http\\Kernel->sendRequestThroughRouter()
#69 D:\\gitProject\\salescrm\\vendor\\laravel\\framework\\src\\Illuminate\\Foundation\\Application.php(1220): Illuminate\\Foundation\\Http\\Kernel->handle()
#70 D:\\gitProject\\salescrm\\public\\index.php(20): Illuminate\\Foundation\\Application->handleRequest()
#71 D:\\gitProject\\salescrm\\vendor\\laravel\\framework\\src\\Illuminate\\Foundation\\resources\\server.php(23): require_once('...')
#72 {main}
"} 
[2026-10-05 10:03:22] local.INFO: Storage settings loaded {"user_id":1,"settings":{"aws_access_key_id":"","aws_bucket":"","aws_default_region":"us-east-1","aws_endpoint":"","aws_secret_access_key":"","aws_url":"","storage_file_types":"jpg,png,webp,gif,pdf,doc,docx,txt,csv","storage_max_upload_size":"2048","storage_type":"local","wasabi_access_key":"","wasabi_bucket":"","wasabi_region":"us-east-1","wasabi_root":"","wasabi_secret_key":"","wasabi_url":""}} 
[2026-10-05 10:03:41] local.INFO: Impersonation started {"acting_user_id":1,"impersonated_user_id":"4","ip_address":"127.0.0.1","timestamp":"2026-10-05 10:03:41"} 
[2026-10-05 10:07:19] local.INFO: Impersonation ended {"timestamp":"2026-10-05 10:07:19"} 
[2026-10-05 10:08:38] local.INFO: Storage settings loaded {"user_id":1,"settings":{"aws_access_key_id":"","aws_bucket":"","aws_default_region":"us-east-1","aws_endpoint":"","aws_secret_access_key":"","aws_url":"","storage_file_types":"jpg,png,webp,gif,pdf,doc,docx,txt,csv","storage_max_upload_size":"2048","storage_type":"local","wasabi_access_key":"","wasabi_bucket":"","wasabi_region":"us-east-1","wasabi_root":"","wasabi_secret_key":"","wasabi_url":""}} 
[2026-10-05 10:14:59] local.INFO: Storage settings loaded {"user_id":1,"settings":{"aws_access_key_id":"","aws_bucket":"","aws_default_region":"us-east-1","aws_endpoint":"","aws_secret_access_key":"","aws_url":"","storage_file_types":"jpg,png,webp,gif,pdf,doc,docx,txt,csv","storage_max_upload_size":"2048","storage_type":"local","wasabi_access_key":"","wasabi_bucket":"","wasabi_region":"us-east-1","wasabi_root":"","wasabi_secret_key":"","wasabi_url":""}} 
[2026-10-05 10:22:13] local.INFO: Storage settings loaded {"user_id":1,"settings":{"aws_access_key_id":"","aws_bucket":"","aws_default_region":"us-east-1","aws_endpoint":"","aws_secret_access_key":"","aws_url":"","storage_file_types":"jpg,png,webp,gif,pdf,doc,docx,txt,csv","storage_max_upload_size":"2048","storage_type":"local","wasabi_access_key":"","wasabi_bucket":"","wasabi_region":"us-east-1","wasabi_root":"","wasabi_secret_key":"","wasabi_url":""}} 
[2026-10-05 10:27:37] local.INFO: Storage settings loaded {"user_id":1,"settings":{"aws_access_key_id":"","aws_bucket":"","aws_default_region":"us-east-1","aws_endpoint":"","aws_secret_access_key":"","aws_url":"","storage_file_types":"jpg,png,webp,gif,pdf,doc,docx,txt,csv","storage_max_upload_size":"2048","storage_type":"local","wasabi_access_key":"","wasabi_bucket":"","wasabi_region":"us-east-1","wasabi_root":"","wasabi_secret_key":"","wasabi_url":""}} 
[2026-10-05 10:31:30] local.INFO: Storage settings loaded {"user_id":1,"settings":{"aws_access_key_id":"","aws_bucket":"","aws_default_region":"us-east-1","aws_endpoint":"","aws_secret_access_key":"","aws_url":"","storage_file_types":"jpg,png,webp,gif,pdf,doc,docx,txt,csv","storage_max_upload_size":"2048","storage_type":"local","wasabi_access_key":"","wasabi_bucket":"","wasabi_region":"us-east-1","wasabi_root":"","wasabi_secret_key":"","wasabi_url":""}} 
[2026-10-05 10:31:53] local.INFO: Impersonation started {"acting_user_id":1,"impersonated_user_id":"4","ip_address":"127.0.0.1","timestamp":"2026-10-05 10:31:53"} 
[2026-10-05 10:31:58] local.INFO: Impersonation ended {"timestamp":"2026-10-05 10:31:58"} 
[2026-10-05 10:41:09] local.INFO: Storage settings loaded {"user_id":1,"settings":{"aws_access_key_id":"","aws_bucket":"","aws_default_region":"us-east-1","aws_endpoint":"","aws_secret_access_key":"","aws_url":"","storage_file_types":"jpg,png,webp,gif,pdf,doc,docx,txt,csv","storage_max_upload_size":"2048","storage_type":"local","wasabi_access_key":"","wasabi_bucket":"","wasabi_region":"us-east-1","wasabi_root":"","wasabi_secret_key":"","wasabi_url":""}} 
[2026-10-05 10:48:01] local.INFO: Storage settings loaded {"user_id":1,"settings":{"aws_access_key_id":"","aws_bucket":"","aws_default_region":"us-east-1","aws_endpoint":"","aws_secret_access_key":"","aws_url":"","storage_file_types":"jpg,png,webp,gif,pdf,doc,docx,txt,csv","storage_max_upload_size":"2048","storage_type":"local","wasabi_access_key":"","wasabi_bucket":"","wasabi_region":"us-east-1","wasabi_root":"","wasabi_secret_key":"","wasabi_url":""}} 
[2026-10-05 10:50:59] local.INFO: Storage settings loaded {"user_id":1,"settings":{"aws_access_key_id":"","aws_bucket":"","aws_default_region":"us-east-1","aws_endpoint":"","aws_secret_access_key":"","aws_url":"","storage_file_types":"jpg,png,webp,gif,pdf,doc,docx,txt,csv","storage_max_upload_size":"2048","storage_type":"local","wasabi_access_key":"","wasabi_bucket":"","wasabi_region":"us-east-1","wasabi_root":"","wasabi_secret_key":"","wasabi_url":""}} 
[2026-10-05 10:54:34] local.INFO: Storage settings loaded {"user_id":1,"settings":{"aws_access_key_id":"","aws_bucket":"","aws_default_region":"us-east-1","aws_endpoint":"","aws_secret_access_key":"","aws_url":"","storage_file_types":"jpg,png,webp,gif,pdf,doc,docx,txt,csv","storage_max_upload_size":"2048","storage_type":"local","wasabi_access_key":"","wasabi_bucket":"","wasabi_region":"us-east-1","wasabi_root":"","wasabi_secret_key":"","wasabi_url":""}} 
[2026-10-05 11:04:12] local.INFO: Storage settings loaded {"user_id":1,"settings":{"aws_access_key_id":"","aws_bucket":"","aws_default_region":"us-east-1","aws_endpoint":"","aws_secret_access_key":"","aws_url":"","storage_file_types":"jpg,png,webp,gif,pdf,doc,docx,txt,csv","storage_max_upload_size":"2048","storage_type":"local","wasabi_access_key":"","wasabi_bucket":"","wasabi_region":"us-east-1","wasabi_root":"","wasabi_secret_key":"","wasabi_url":""}} 
[2026-10-05 11:09:47] local.INFO: Storage settings loaded {"user_id":1,"settings":{"aws_access_key_id":"","aws_bucket":"","aws_default_region":"us-east-1","aws_endpoint":"","aws_secret_access_key":"","aws_url":"","storage_file_types":"jpg,png,webp,gif,pdf,doc,docx,txt,csv","storage_max_upload_size":"2048","storage_type":"local","wasabi_access_key":"","wasabi_bucket":"","wasabi_region":"us-east-1","wasabi_root":"","wasabi_secret_key":"","wasabi_url":""}} 
[2026-10-05 11:14:53] local.INFO: Storage settings loaded {"user_id":1,"settings":{"aws_access_key_id":"","aws_bucket":"","aws_default_region":"us-east-1","aws_endpoint":"","aws_secret_access_key":"","aws_url":"","storage_file_types":"jpg,png,webp,gif,pdf,doc,docx,txt,csv","storage_max_upload_size":"2048","storage_type":"local","wasabi_access_key":"","wasabi_bucket":"","wasabi_region":"us-east-1","wasabi_root":"","wasabi_secret_key":"","wasabi_url":""}} 
[2026-10-05 11:14:53] local.ERROR: Undefined variable $superAdmin {"userId":1,"exception":"[object] (ErrorException(code: 0): Undefined variable $superAdmin at D:\\gitProject\\salescrm\\app\\Http\\Controllers\\PlanController.php:48)
[stacktrace]
#0 D:\\gitProject\\salescrm\\vendor\\laravel\\framework\\src\\Illuminate\\Foundation\\Bootstrap\\HandleExceptions.php(258): Illuminate\\Foundation\\Bootstrap\\HandleExceptions->handleError()
#1 D:\\gitProject\\salescrm\\app\\Http\\Controllers\\PlanController.php(48): Illuminate\\Foundation\\Bootstrap\\HandleExceptions->{closure:Illuminate\\Foundation\\Bootstrap\\HandleExceptions::forwardsTo():257}()
#2 [internal function]: App\\Http\\Controllers\\PlanController->{closure:App\\Http\\Controllers\\PlanController::index():39}()
#3 D:\\gitProject\\salescrm\\vendor\\laravel\\framework\\src\\Illuminate\\Collections\\Arr.php(788): array_map()
#4 D:\\gitProject\\salescrm\\vendor\\laravel\\framework\\src\\Illuminate\\Collections\\Collection.php(819): Illuminate\\Support\\Arr::map()
#5 D:\\gitProject\\salescrm\\vendor\\laravel\\framework\\src\\Illuminate\\Database\\Eloquent\\Collection.php(417): Illuminate\\Support\\Collection->map()
#6 D:\\gitProject\\salescrm\\app\\Http\\Controllers\\PlanController.php(39): Illuminate\\Database\\Eloquent\\Collection->map()
#7 D:\\gitProject\\salescrm\\vendor\\laravel\\framework\\src\\Illuminate\\Routing\\ControllerDispatcher.php(46): App\\Http\\Controllers\\PlanController->index()
#8 D:\\gitProject\\salescrm\\vendor\\laravel\\framework\\src\\Illuminate\\Routing\\Route.php(265): Illuminate\\Routing\\ControllerDispatcher->dispatch()
#9 D:\\gitProject\\salescrm\\vendor\\laravel\\framework\\src\\Illuminate\\Routing\\Route.php(211): Illuminate\\Routing\\Route->runController()
#10 D:\\gitProject\\salescrm\\vendor\\laravel\\framework\\src\\Illuminate\\Routing\\Router.php(808): Illuminate\\Routing\\Route->run()
#11 D:\\gitProject\\salescrm\\vendor\\laravel\\framework\\src\\Illuminate\\Pipeline\\Pipeline.php(180): Illuminate\\Routing\\Router->{closure:Illuminate\\Routing\\Router::runRouteWithinStack():807}()
#12 D:\\gitProject\\salescrm\\app\\Http\\Middleware\\EnsureEmailIsVerified.php(22): Illuminate\\Pipeline\\Pipeline->{closure:Illuminate\\Pipeline\\Pipeline::prepareDestination():178}()
#13 D:\\gitProject\\salescrm\\vendor\\laravel\\framework\\src\\Illuminate\\Pipeline\\Pipeline.php(219): App\\Http\\Middleware\\EnsureEmailIsVerified->handle()
#14 D:\\gitProject\\salescrm\\app\\Http\\Middleware\\DemoModeMiddleware.php(17): Illuminate\\Pipeline\\Pipeline->{closure:{closure:Illuminate\\Pipeline\\Pipeline::carry():194}:195}()
#15 D:\\gitProject\\salescrm\\vendor\\laravel\\framework\\src\\Illuminate\\Pipeline\\Pipeline.php(219): App\\Http\\Middleware\\DemoModeMiddleware->handle()
#16 D:\\gitProject\\salescrm\\vendor\\laravel\\framework\\src\\Illuminate\\Http\\Middleware\\AddLinkHeadersForPreloadedAssets.php(32): Illuminate\\Pipeline\\Pipeline->{closure:{closure:Illuminate\\Pipeline\\Pipeline::carry():194}:195}()
#17 D:\\gitProject\\salescrm\\vendor\\laravel\\framework\\src\\Illuminate\\Pipeline\\Pipeline.php(219): Illuminate\\Http\\Middleware\\AddLinkHeadersForPreloadedAssets->handle()
#18 D:\\gitProject\\salescrm\\vendor\\inertiajs\\inertia-laravel\\src\\Middleware.php(122): Illuminate\\Pipeline\\Pipeline->{closure:{closure:Illuminate\\Pipeline\\Pipeline::carry():194}:195}()
#19 D:\\gitProject\\salescrm\\vendor\\laravel\\framework\\src\\Illuminate\\Pipeline\\Pipeline.php(219): Inertia\\Middleware->handle()
#20 D:\\gitProject\\salescrm\\app\\Http\\Middleware\\ShareGlobalSettings.php(31): Illuminate\\Pipeline\\Pipeline->{closure:{closure:Illuminate\\Pipeline\\Pipeline::carry():194}:195}()
#21 D:\\gitProject\\salescrm\\vendor\\laravel\\framework\\src\\Illuminate\\Pipeline\\Pipeline.php(219): App\\Http\\Middleware\\ShareGlobalSettings->handle()
#22 D:\\gitProject\\salescrm\\app\\Http\\Middleware\\HandleAppearance.php(21): Illuminate\\Pipeline\\Pipeline->{closure:{closure:Illuminate\\Pipeline\\Pipeline::carry():194}:195}()
#23 D:\\gitProject\\salescrm\\vendor\\laravel\\framework\\src\\Illuminate\\Pipeline\\Pipeline.php(219): App\\Http\\Middleware\\HandleAppearance->handle()
#24 D:\\gitProject\\salescrm\\app\\Http\\Middleware\\CheckInstallation.php(28): Illuminate\\Pipeline\\Pipeline->{closure:{closure:Illuminate\\Pipeline\\Pipeline::carry():194}:195}()
#25 D:\\gitProject\\salescrm\\vendor\\laravel\\framework\\src\\Illuminate\\Pipeline\\Pipeline.php(219): App\\Http\\Middleware\\CheckInstallation->handle()
#26 D:\\gitProject\\salescrm\\vendor\\laravel\\framework\\src\\Illuminate\\Routing\\Middleware\\SubstituteBindings.php(50): Illuminate\\Pipeline\\Pipeline->{closure:{closure:Illuminate\\Pipeline\\Pipeline::carry():194}:195}()
#27 D:\\gitProject\\salescrm\\vendor\\laravel\\framework\\src\\Illuminate\\Pipeline\\Pipeline.php(219): Illuminate\\Routing\\Middleware\\SubstituteBindings->handle()
#28 D:\\gitProject\\salescrm\\vendor\\laravel\\framework\\src\\Illuminate\\Auth\\Middleware\\Authenticate.php(63): Illuminate\\Pipeline\\Pipeline->{closure:{closure:Illuminate\\Pipeline\\Pipeline::carry():194}:195}()
#29 D:\\gitProject\\salescrm\\vendor\\laravel\\framework\\src\\Illuminate\\Pipeline\\Pipeline.php(219): Illuminate\\Auth\\Middleware\\Authenticate->handle()
#30 D:\\gitProject\\salescrm\\vendor\\laravel\\framework\\src\\Illuminate\\Foundation\\Http\\Middleware\\VerifyCsrfToken.php(87): Illuminate\\Pipeline\\Pipeline->{closure:{closure:Illuminate\\Pipeline\\Pipeline::carry():194}:195}()
#31 D:\\gitProject\\salescrm\\vendor\\laravel\\framework\\src\\Illuminate\\Pipeline\\Pipeline.php(219): Illuminate\\Foundation\\Http\\Middleware\\VerifyCsrfToken->handle()
#32 D:\\gitProject\\salescrm\\vendor\\laravel\\framework\\src\\Illuminate\\View\\Middleware\\ShareErrorsFromSession.php(48): Illuminate\\Pipeline\\Pipeline->{closure:{closure:Illuminate\\Pipeline\\Pipeline::carry():194}:195}()
#33 D:\\gitProject\\salescrm\\vendor\\laravel\\framework\\src\\Illuminate\\Pipeline\\Pipeline.php(219): Illuminate\\View\\Middleware\\ShareErrorsFromSession->handle()
#34 D:\\gitProject\\salescrm\\vendor\\laravel\\framework\\src\\Illuminate\\Session\\Middleware\\StartSession.php(120): Illuminate\\Pipeline\\Pipeline->{closure:{closure:Illuminate\\Pipeline\\Pipeline::carry():194}:195}()
#35 D:\\gitProject\\salescrm\\vendor\\laravel\\framework\\src\\Illuminate\\Session\\Middleware\\StartSession.php(63): Illuminate\\Session\\Middleware\\StartSession->handleStatefulRequest()
#36 D:\\gitProject\\salescrm\\vendor\\laravel\\framework\\src\\Illuminate\\Pipeline\\Pipeline.php(219): Illuminate\\Session\\Middleware\\StartSession->handle()
#37 D:\\gitProject\\salescrm\\vendor\\laravel\\framework\\src\\Illuminate\\Cookie\\Middleware\\AddQueuedCookiesToResponse.php(36): Illuminate\\Pipeline\\Pipeline->{closure:{closure:Illuminate\\Pipeline\\Pipeline::carry():194}:195}()
#38 D:\\gitProject\\salescrm\\vendor\\laravel\\framework\\src\\Illuminate\\Pipeline\\Pipeline.php(219): Illuminate\\Cookie\\Middleware\\AddQueuedCookiesToResponse->handle()
#39 D:\\gitProject\\salescrm\\vendor\\laravel\\framework\\src\\Illuminate\\Cookie\\Middleware\\EncryptCookies.php(74): Illuminate\\Pipeline\\Pipeline->{closure:{closure:Illuminate\\Pipeline\\Pipeline::carry():194}:195}()
#40 D:\\gitProject\\salescrm\\vendor\\laravel\\framework\\src\\Illuminate\\Pipeline\\Pipeline.php(219): Illuminate\\Cookie\\Middleware\\EncryptCookies->handle()
#41 D:\\gitProject\\salescrm\\vendor\\laravel\\framework\\src\\Illuminate\\Pipeline\\Pipeline.php(137): Illuminate\\Pipeline\\Pipeline->{closure:{closure:Illuminate\\Pipeline\\Pipeline::carry():194}:195}()
#42 D:\\gitProject\\salescrm\\vendor\\laravel\\framework\\src\\Illuminate\\Routing\\Router.php(807): Illuminate\\Pipeline\\Pipeline->then()
#43 D:\\gitProject\\salescrm\\vendor\\laravel\\framework\\src\\Illuminate\\Routing\\Router.php(786): Illuminate\\Routing\\Router->runRouteWithinStack()
#44 D:\\gitProject\\salescrm\\vendor\\laravel\\framework\\src\\Illuminate\\Routing\\Router.php(750): Illuminate\\Routing\\Router->runRoute()
#45 D:\\gitProject\\salescrm\\vendor\\laravel\\framework\\src\\Illuminate\\Routing\\Router.php(739): Illuminate\\Routing\\Router->dispatchToRoute()
#46 D:\\gitProject\\salescrm\\vendor\\laravel\\framework\\src\\Illuminate\\Foundation\\Http\\Kernel.php(200): Illuminate\\Routing\\Router->dispatch()
#47 D:\\gitProject\\salescrm\\vendor\\laravel\\framework\\src\\Illuminate\\Pipeline\\Pipeline.php(180): Illuminate\\Foundation\\Http\\Kernel->{closure:Illuminate\\Foundation\\Http\\Kernel::dispatchToRouter():197}()
#48 D:\\gitProject\\salescrm\\vendor\\laravel\\framework\\src\\Illuminate\\Foundation\\Http\\Middleware\\TransformsRequest.php(21): Illuminate\\Pipeline\\Pipeline->{closure:Illuminate\\Pipeline\\Pipeline::prepareDestination():178}()
#49 D:\\gitProject\\salescrm\\vendor\\laravel\\framework\\src\\Illuminate\\Foundation\\Http\\Middleware\\ConvertEmptyStringsToNull.php(31): Illuminate\\Foundation\\Http\\Middleware\\TransformsRequest->handle()
#50 D:\\gitProject\\salescrm\\vendor\\laravel\\framework\\src\\Illuminate\\Pipeline\\Pipeline.php(219): Illuminate\\Foundation\\Http\\Middleware\\ConvertEmptyStringsToNull->handle()
#51 D:\\gitProject\\salescrm\\vendor\\laravel\\framework\\src\\Illuminate\\Foundation\\Http\\Middleware\\TransformsRequest.php(21): Illuminate\\Pipeline\\Pipeline->{closure:{closure:Illuminate\\Pipeline\\Pipeline::carry():194}:195}()
#52 D:\\gitProject\\salescrm\\vendor\\laravel\\framework\\src\\Illuminate\\Foundation\\Http\\Middleware\\TrimStrings.php(51): Illuminate\\Foundation\\Http\\Middleware\\TransformsRequest->handle()
#53 D:\\gitProject\\salescrm\\vendor\\laravel\\framework\\src\\Illuminate\\Pipeline\\Pipeline.php(219): Illuminate\\Foundation\\Http\\Middleware\\TrimStrings->handle()
#54 D:\\gitProject\\salescrm\\vendor\\laravel\\framework\\src\\Illuminate\\Http\\Middleware\\ValidatePostSize.php(27): Illuminate\\Pipeline\\Pipeline->{closure:{closure:Illuminate\\Pipeline\\Pipeline::carry():194}:195}()
#55 D:\\gitProject\\salescrm\\vendor\\laravel\\framework\\src\\Illuminate\\Pipeline\\Pipeline.php(219): Illuminate\\Http\\Middleware\\ValidatePostSize->handle()
#56 D:\\gitProject\\salescrm\\vendor\\laravel\\framework\\src\\Illuminate\\Foundation\\Http\\Middleware\\PreventRequestsDuringMaintenance.php(109): Illuminate\\Pipeline\\Pipeline->{closure:{closure:Illuminate\\Pipeline\\Pipeline::carry():194}:195}()
#57 D:\\gitProject\\salescrm\\vendor\\laravel\\framework\\src\\Illuminate\\Pipeline\\Pipeline.php(219): Illuminate\\Foundation\\Http\\Middleware\\PreventRequestsDuringMaintenance->handle()
#58 D:\\gitProject\\salescrm\\vendor\\laravel\\framework\\src\\Illuminate\\Http\\Middleware\\HandleCors.php(48): Illuminate\\Pipeline\\Pipeline->{closure:{closure:Illuminate\\Pipeline\\Pipeline::carry():194}:195}()
#59 D:\\gitProject\\salescrm\\vendor\\laravel\\framework\\src\\Illuminate\\Pipeline\\Pipeline.php(219): Illuminate\\Http\\Middleware\\HandleCors->handle()
#60 D:\\gitProject\\salescrm\\vendor\\laravel\\framework\\src\\Illuminate\\Http\\Middleware\\TrustProxies.php(58): Illuminate\\Pipeline\\Pipeline->{closure:{closure:Illuminate\\Pipeline\\Pipeline::carry():194}:195}()
#61 D:\\gitProject\\salescrm\\vendor\\laravel\\framework\\src\\Illuminate\\Pipeline\\Pipeline.php(219): Illuminate\\Http\\Middleware\\TrustProxies->handle()
#62 D:\\gitProject\\salescrm\\vendor\\laravel\\framework\\src\\Illuminate\\Foundation\\Http\\Middleware\\InvokeDeferredCallbacks.php(22): Illuminate\\Pipeline\\Pipeline->{closure:{closure:Illuminate\\Pipeline\\Pipeline::carry():194}:195}()
#63 D:\\gitProject\\salescrm\\vendor\\laravel\\framework\\src\\Illuminate\\Pipeline\\Pipeline.php(219): Illuminate\\Foundation\\Http\\Middleware\\InvokeDeferredCallbacks->handle()
#64 D:\\gitProject\\salescrm\\vendor\\laravel\\framework\\src\\Illuminate\\Http\\Middleware\\ValidatePathEncoding.php(26): Illuminate\\Pipeline\\Pipeline->{closure:{closure:Illuminate\\Pipeline\\Pipeline::carry():194}:195}()
#65 D:\\gitProject\\salescrm\\vendor\\laravel\\framework\\src\\Illuminate\\Pipeline\\Pipeline.php(219): Illuminate\\Http\\Middleware\\ValidatePathEncoding->handle()
#66 D:\\gitProject\\salescrm\\vendor\\laravel\\framework\\src\\Illuminate\\Pipeline\\Pipeline.php(137): Illuminate\\Pipeline\\Pipeline->{closure:{closure:Illuminate\\Pipeline\\Pipeline::carry():194}:195}()
#67 D:\\gitProject\\salescrm\\vendor\\laravel\\framework\\src\\Illuminate\\Foundation\\Http\\Kernel.php(175): Illuminate\\Pipeline\\Pipeline->then()
#68 D:\\gitProject\\salescrm\\vendor\\laravel\\framework\\src\\Illuminate\\Foundation\\Http\\Kernel.php(144): Illuminate\\Foundation\\Http\\Kernel->sendRequestThroughRouter()
#69 D:\\gitProject\\salescrm\\vendor\\laravel\\framework\\src\\Illuminate\\Foundation\\Application.php(1220): Illuminate\\Foundation\\Http\\Kernel->handle()
#70 D:\\gitProject\\salescrm\\public\\index.php(20): Illuminate\\Foundation\\Application->handleRequest()
#71 D:\\gitProject\\salescrm\\vendor\\laravel\\framework\\src\\Illuminate\\Foundation\\resources\\server.php(23): require_once('...')
#72 {main}
"} 
[2026-10-05 11:15:38] local.ERROR: Undefined variable $superAdmin {"userId":1,"exception":"[object] (ErrorException(code: 0): Undefined variable $superAdmin at D:\\gitProject\\salescrm\\app\\Http\\Controllers\\PlanController.php:48)
[stacktrace]
#0 D:\\gitProject\\salescrm\\vendor\\laravel\\framework\\src\\Illuminate\\Foundation\\Bootstrap\\HandleExceptions.php(258): Illuminate\\Foundation\\Bootstrap\\HandleExceptions->handleError()
#1 D:\\gitProject\\salescrm\\app\\Http\\Controllers\\PlanController.php(48): Illuminate\\Foundation\\Bootstrap\\HandleExceptions->{closure:Illuminate\\Foundation\\Bootstrap\\HandleExceptions::forwardsTo():257}()
#2 [internal function]: App\\Http\\Controllers\\PlanController->{closure:App\\Http\\Controllers\\PlanController::index():39}()
#3 D:\\gitProject\\salescrm\\vendor\\laravel\\framework\\src\\Illuminate\\Collections\\Arr.php(788): array_map()
#4 D:\\gitProject\\salescrm\\vendor\\laravel\\framework\\src\\Illuminate\\Collections\\Collection.php(819): Illuminate\\Support\\Arr::map()
#5 D:\\gitProject\\salescrm\\vendor\\laravel\\framework\\src\\Illuminate\\Database\\Eloquent\\Collection.php(417): Illuminate\\Support\\Collection->map()
#6 D:\\gitProject\\salescrm\\app\\Http\\Controllers\\PlanController.php(39): Illuminate\\Database\\Eloquent\\Collection->map()
#7 D:\\gitProject\\salescrm\\vendor\\laravel\\framework\\src\\Illuminate\\Routing\\ControllerDispatcher.php(46): App\\Http\\Controllers\\PlanController->index()
#8 D:\\gitProject\\salescrm\\vendor\\laravel\\framework\\src\\Illuminate\\Routing\\Route.php(265): Illuminate\\Routing\\ControllerDispatcher->dispatch()
#9 D:\\gitProject\\salescrm\\vendor\\laravel\\framework\\src\\Illuminate\\Routing\\Route.php(211): Illuminate\\Routing\\Route->runController()
#10 D:\\gitProject\\salescrm\\vendor\\laravel\\framework\\src\\Illuminate\\Routing\\Router.php(808): Illuminate\\Routing\\Route->run()
#11 D:\\gitProject\\salescrm\\vendor\\laravel\\framework\\src\\Illuminate\\Pipeline\\Pipeline.php(180): Illuminate\\Routing\\Router->{closure:Illuminate\\Routing\\Router::runRouteWithinStack():807}()
#12 D:\\gitProject\\salescrm\\app\\Http\\Middleware\\EnsureEmailIsVerified.php(22): Illuminate\\Pipeline\\Pipeline->{closure:Illuminate\\Pipeline\\Pipeline::prepareDestination():178}()
#13 D:\\gitProject\\salescrm\\vendor\\laravel\\framework\\src\\Illuminate\\Pipeline\\Pipeline.php(219): App\\Http\\Middleware\\EnsureEmailIsVerified->handle()
#14 D:\\gitProject\\salescrm\\app\\Http\\Middleware\\DemoModeMiddleware.php(17): Illuminate\\Pipeline\\Pipeline->{closure:{closure:Illuminate\\Pipeline\\Pipeline::carry():194}:195}()
#15 D:\\gitProject\\salescrm\\vendor\\laravel\\framework\\src\\Illuminate\\Pipeline\\Pipeline.php(219): App\\Http\\Middleware\\DemoModeMiddleware->handle()
#16 D:\\gitProject\\salescrm\\vendor\\laravel\\framework\\src\\Illuminate\\Http\\Middleware\\AddLinkHeadersForPreloadedAssets.php(32): Illuminate\\Pipeline\\Pipeline->{closure:{closure:Illuminate\\Pipeline\\Pipeline::carry():194}:195}()
#17 D:\\gitProject\\salescrm\\vendor\\laravel\\framework\\src\\Illuminate\\Pipeline\\Pipeline.php(219): Illuminate\\Http\\Middleware\\AddLinkHeadersForPreloadedAssets->handle()
#18 D:\\gitProject\\salescrm\\vendor\\inertiajs\\inertia-laravel\\src\\Middleware.php(122): Illuminate\\Pipeline\\Pipeline->{closure:{closure:Illuminate\\Pipeline\\Pipeline::carry():194}:195}()
#19 D:\\gitProject\\salescrm\\vendor\\laravel\\framework\\src\\Illuminate\\Pipeline\\Pipeline.php(219): Inertia\\Middleware->handle()
#20 D:\\gitProject\\salescrm\\app\\Http\\Middleware\\ShareGlobalSettings.php(31): Illuminate\\Pipeline\\Pipeline->{closure:{closure:Illuminate\\Pipeline\\Pipeline::carry():194}:195}()
#21 D:\\gitProject\\salescrm\\vendor\\laravel\\framework\\src\\Illuminate\\Pipeline\\Pipeline.php(219): App\\Http\\Middleware\\ShareGlobalSettings->handle()
#22 D:\\gitProject\\salescrm\\app\\Http\\Middleware\\HandleAppearance.php(21): Illuminate\\Pipeline\\Pipeline->{closure:{closure:Illuminate\\Pipeline\\Pipeline::carry():194}:195}()
#23 D:\\gitProject\\salescrm\\vendor\\laravel\\framework\\src\\Illuminate\\Pipeline\\Pipeline.php(219): App\\Http\\Middleware\\HandleAppearance->handle()
#24 D:\\gitProject\\salescrm\\app\\Http\\Middleware\\CheckInstallation.php(28): Illuminate\\Pipeline\\Pipeline->{closure:{closure:Illuminate\\Pipeline\\Pipeline::carry():194}:195}()
#25 D:\\gitProject\\salescrm\\vendor\\laravel\\framework\\src\\Illuminate\\Pipeline\\Pipeline.php(219): App\\Http\\Middleware\\CheckInstallation->handle()
#26 D:\\gitProject\\salescrm\\vendor\\laravel\\framework\\src\\Illuminate\\Routing\\Middleware\\SubstituteBindings.php(50): Illuminate\\Pipeline\\Pipeline->{closure:{closure:Illuminate\\Pipeline\\Pipeline::carry():194}:195}()
#27 D:\\gitProject\\salescrm\\vendor\\laravel\\framework\\src\\Illuminate\\Pipeline\\Pipeline.php(219): Illuminate\\Routing\\Middleware\\SubstituteBindings->handle()
#28 D:\\gitProject\\salescrm\\vendor\\laravel\\framework\\src\\Illuminate\\Auth\\Middleware\\Authenticate.php(63): Illuminate\\Pipeline\\Pipeline->{closure:{closure:Illuminate\\Pipeline\\Pipeline::carry():194}:195}()
#29 D:\\gitProject\\salescrm\\vendor\\laravel\\framework\\src\\Illuminate\\Pipeline\\Pipeline.php(219): Illuminate\\Auth\\Middleware\\Authenticate->handle()
#30 D:\\gitProject\\salescrm\\vendor\\laravel\\framework\\src\\Illuminate\\Foundation\\Http\\Middleware\\VerifyCsrfToken.php(87): Illuminate\\Pipeline\\Pipeline->{closure:{closure:Illuminate\\Pipeline\\Pipeline::carry():194}:195}()
#31 D:\\gitProject\\salescrm\\vendor\\laravel\\framework\\src\\Illuminate\\Pipeline\\Pipeline.php(219): Illuminate\\Foundation\\Http\\Middleware\\VerifyCsrfToken->handle()
#32 D:\\gitProject\\salescrm\\vendor\\laravel\\framework\\src\\Illuminate\\View\\Middleware\\ShareErrorsFromSession.php(48): Illuminate\\Pipeline\\Pipeline->{closure:{closure:Illuminate\\Pipeline\\Pipeline::carry():194}:195}()
#33 D:\\gitProject\\salescrm\\vendor\\laravel\\framework\\src\\Illuminate\\Pipeline\\Pipeline.php(219): Illuminate\\View\\Middleware\\ShareErrorsFromSession->handle()
#34 D:\\gitProject\\salescrm\\vendor\\laravel\\framework\\src\\Illuminate\\Session\\Middleware\\StartSession.php(120): Illuminate\\Pipeline\\Pipeline->{closure:{closure:Illuminate\\Pipeline\\Pipeline::carry():194}:195}()
#35 D:\\gitProject\\salescrm\\vendor\\laravel\\framework\\src\\Illuminate\\Session\\Middleware\\StartSession.php(63): Illuminate\\Session\\Middleware\\StartSession->handleStatefulRequest()
#36 D:\\gitProject\\salescrm\\vendor\\laravel\\framework\\src\\Illuminate\\Pipeline\\Pipeline.php(219): Illuminate\\Session\\Middleware\\StartSession->handle()
#37 D:\\gitProject\\salescrm\\vendor\\laravel\\framework\\src\\Illuminate\\Cookie\\Middleware\\AddQueuedCookiesToResponse.php(36): Illuminate\\Pipeline\\Pipeline->{closure:{closure:Illuminate\\Pipeline\\Pipeline::carry():194}:195}()
#38 D:\\gitProject\\salescrm\\vendor\\laravel\\framework\\src\\Illuminate\\Pipeline\\Pipeline.php(219): Illuminate\\Cookie\\Middleware\\AddQueuedCookiesToResponse->handle()
#39 D:\\gitProject\\salescrm\\vendor\\laravel\\framework\\src\\Illuminate\\Cookie\\Middleware\\EncryptCookies.php(74): Illuminate\\Pipeline\\Pipeline->{closure:{closure:Illuminate\\Pipeline\\Pipeline::carry():194}:195}()
#40 D:\\gitProject\\salescrm\\vendor\\laravel\\framework\\src\\Illuminate\\Pipeline\\Pipeline.php(219): Illuminate\\Cookie\\Middleware\\EncryptCookies->handle()
#41 D:\\gitProject\\salescrm\\vendor\\laravel\\framework\\src\\Illuminate\\Pipeline\\Pipeline.php(137): Illuminate\\Pipeline\\Pipeline->{closure:{closure:Illuminate\\Pipeline\\Pipeline::carry():194}:195}()
#42 D:\\gitProject\\salescrm\\vendor\\laravel\\framework\\src\\Illuminate\\Routing\\Router.php(807): Illuminate\\Pipeline\\Pipeline->then()
#43 D:\\gitProject\\salescrm\\vendor\\laravel\\framework\\src\\Illuminate\\Routing\\Router.php(786): Illuminate\\Routing\\Router->runRouteWithinStack()
#44 D:\\gitProject\\salescrm\\vendor\\laravel\\framework\\src\\Illuminate\\Routing\\Router.php(750): Illuminate\\Routing\\Router->runRoute()
#45 D:\\gitProject\\salescrm\\vendor\\laravel\\framework\\src\\Illuminate\\Routing\\Router.php(739): Illuminate\\Routing\\Router->dispatchToRoute()
#46 D:\\gitProject\\salescrm\\vendor\\laravel\\framework\\src\\Illuminate\\Foundation\\Http\\Kernel.php(200): Illuminate\\Routing\\Router->dispatch()
#47 D:\\gitProject\\salescrm\\vendor\\laravel\\framework\\src\\Illuminate\\Pipeline\\Pipeline.php(180): Illuminate\\Foundation\\Http\\Kernel->{closure:Illuminate\\Foundation\\Http\\Kernel::dispatchToRouter():197}()
#48 D:\\gitProject\\salescrm\\vendor\\laravel\\framework\\src\\Illuminate\\Foundation\\Http\\Middleware\\TransformsRequest.php(21): Illuminate\\Pipeline\\Pipeline->{closure:Illuminate\\Pipeline\\Pipeline::prepareDestination():178}()
#49 D:\\gitProject\\salescrm\\vendor\\laravel\\framework\\src\\Illuminate\\Foundation\\Http\\Middleware\\ConvertEmptyStringsToNull.php(31): Illuminate\\Foundation\\Http\\Middleware\\TransformsRequest->handle()
#50 D:\\gitProject\\salescrm\\vendor\\laravel\\framework\\src\\Illuminate\\Pipeline\\Pipeline.php(219): Illuminate\\Foundation\\Http\\Middleware\\ConvertEmptyStringsToNull->handle()
#51 D:\\gitProject\\salescrm\\vendor\\laravel\\framework\\src\\Illuminate\\Foundation\\Http\\Middleware\\TransformsRequest.php(21): Illuminate\\Pipeline\\Pipeline->{closure:{closure:Illuminate\\Pipeline\\Pipeline::carry():194}:195}()
#52 D:\\gitProject\\salescrm\\vendor\\laravel\\framework\\src\\Illuminate\\Foundation\\Http\\Middleware\\TrimStrings.php(51): Illuminate\\Foundation\\Http\\Middleware\\TransformsRequest->handle()
#53 D:\\gitProject\\salescrm\\vendor\\laravel\\framework\\src\\Illuminate\\Pipeline\\Pipeline.php(219): Illuminate\\Foundation\\Http\\Middleware\\TrimStrings->handle()
#54 D:\\gitProject\\salescrm\\vendor\\laravel\\framework\\src\\Illuminate\\Http\\Middleware\\ValidatePostSize.php(27): Illuminate\\Pipeline\\Pipeline->{closure:{closure:Illuminate\\Pipeline\\Pipeline::carry():194}:195}()
#55 D:\\gitProject\\salescrm\\vendor\\laravel\\framework\\src\\Illuminate\\Pipeline\\Pipeline.php(219): Illuminate\\Http\\Middleware\\ValidatePostSize->handle()
#56 D:\\gitProject\\salescrm\\vendor\\laravel\\framework\\src\\Illuminate\\Foundation\\Http\\Middleware\\PreventRequestsDuringMaintenance.php(109): Illuminate\\Pipeline\\Pipeline->{closure:{closure:Illuminate\\Pipeline\\Pipeline::carry():194}:195}()
#57 D:\\gitProject\\salescrm\\vendor\\laravel\\framework\\src\\Illuminate\\Pipeline\\Pipeline.php(219): Illuminate\\Foundation\\Http\\Middleware\\PreventRequestsDuringMaintenance->handle()
#58 D:\\gitProject\\salescrm\\vendor\\laravel\\framework\\src\\Illuminate\\Http\\Middleware\\HandleCors.php(48): Illuminate\\Pipeline\\Pipeline->{closure:{closure:Illuminate\\Pipeline\\Pipeline::carry():194}:195}()
#59 D:\\gitProject\\salescrm\\vendor\\laravel\\framework\\src\\Illuminate\\Pipeline\\Pipeline.php(219): Illuminate\\Http\\Middleware\\HandleCors->handle()
#60 D:\\gitProject\\salescrm\\vendor\\laravel\\framework\\src\\Illuminate\\Http\\Middleware\\TrustProxies.php(58): Illuminate\\Pipeline\\Pipeline->{closure:{closure:Illuminate\\Pipeline\\Pipeline::carry():194}:195}()
#61 D:\\gitProject\\salescrm\\vendor\\laravel\\framework\\src\\Illuminate\\Pipeline\\Pipeline.php(219): Illuminate\\Http\\Middleware\\TrustProxies->handle()
#62 D:\\gitProject\\salescrm\\vendor\\laravel\\framework\\src\\Illuminate\\Foundation\\Http\\Middleware\\InvokeDeferredCallbacks.php(22): Illuminate\\Pipeline\\Pipeline->{closure:{closure:Illuminate\\Pipeline\\Pipeline::carry():194}:195}()
#63 D:\\gitProject\\salescrm\\vendor\\laravel\\framework\\src\\Illuminate\\Pipeline\\Pipeline.php(219): Illuminate\\Foundation\\Http\\Middleware\\InvokeDeferredCallbacks->handle()
#64 D:\\gitProject\\salescrm\\vendor\\laravel\\framework\\src\\Illuminate\\Http\\Middleware\\ValidatePathEncoding.php(26): Illuminate\\Pipeline\\Pipeline->{closure:{closure:Illuminate\\Pipeline\\Pipeline::carry():194}:195}()
#65 D:\\gitProject\\salescrm\\vendor\\laravel\\framework\\src\\Illuminate\\Pipeline\\Pipeline.php(219): Illuminate\\Http\\Middleware\\ValidatePathEncoding->handle()
#66 D:\\gitProject\\salescrm\\vendor\\laravel\\framework\\src\\Illuminate\\Pipeline\\Pipeline.php(137): Illuminate\\Pipeline\\Pipeline->{closure:{closure:Illuminate\\Pipeline\\Pipeline::carry():194}:195}()
#67 D:\\gitProject\\salescrm\\vendor\\laravel\\framework\\src\\Illuminate\\Foundation\\Http\\Kernel.php(175): Illuminate\\Pipeline\\Pipeline->then()
#68 D:\\gitProject\\salescrm\\vendor\\laravel\\framework\\src\\Illuminate\\Foundation\\Http\\Kernel.php(144): Illuminate\\Foundation\\Http\\Kernel->sendRequestThroughRouter()
#69 D:\\gitProject\\salescrm\\vendor\\laravel\\framework\\src\\Illuminate\\Foundation\\Application.php(1220): Illuminate\\Foundation\\Http\\Kernel->handle()
#70 D:\\gitProject\\salescrm\\public\\index.php(20): Illuminate\\Foundation\\Application->handleRequest()
#71 D:\\gitProject\\salescrm\\vendor\\laravel\\framework\\src\\Illuminate\\Foundation\\resources\\server.php(23): require_once('...')
#72 {main}
"} 
[2026-10-05 11:20:15] local.INFO: Storage settings loaded {"user_id":1,"settings":{"aws_access_key_id":"","aws_bucket":"","aws_default_region":"us-east-1","aws_endpoint":"","aws_secret_access_key":"","aws_url":"","storage_file_types":"jpg,png,webp,gif,pdf,doc,docx,txt,csv","storage_max_upload_size":"2048","storage_type":"local","wasabi_access_key":"","wasabi_bucket":"","wasabi_region":"us-east-1","wasabi_root":"","wasabi_secret_key":"","wasabi_url":""}} 
[2026-10-05 11:25:55] local.INFO: Storage settings loaded {"user_id":1,"settings":{"aws_access_key_id":"","aws_bucket":"","aws_default_region":"us-east-1","aws_endpoint":"","aws_secret_access_key":"","aws_url":"","storage_file_types":"jpg,png,webp,gif,pdf,doc,docx,txt,csv","storage_max_upload_size":"2048","storage_type":"local","wasabi_access_key":"","wasabi_bucket":"","wasabi_region":"us-east-1","wasabi_root":"","wasabi_secret_key":"","wasabi_url":""}} 
[2026-10-05 11:31:54] local.INFO: Storage settings loaded {"user_id":1,"settings":{"aws_access_key_id":"","aws_bucket":"","aws_default_region":"us-east-1","aws_endpoint":"","aws_secret_access_key":"","aws_url":"","storage_file_types":"jpg,png,webp,gif,pdf,doc,docx,txt,csv","storage_max_upload_size":"2048","storage_type":"local","wasabi_access_key":"","wasabi_bucket":"","wasabi_region":"us-east-1","wasabi_root":"","wasabi_secret_key":"","wasabi_url":""}} 
[2026-10-05 12:17:46] local.INFO: Storage settings loaded {"user_id":1,"settings":{"aws_access_key_id":"","aws_bucket":"","aws_default_region":"us-east-1","aws_endpoint":"","aws_secret_access_key":"","aws_url":"","storage_file_types":"jpg,png,webp,gif,pdf,doc,docx,txt,csv","storage_max_upload_size":"2048","storage_type":"local","wasabi_access_key":"","wasabi_bucket":"","wasabi_region":"us-east-1","wasabi_root":"","wasabi_secret_key":"","wasabi_url":""}} 
